Source,Day,Mon,Yr,BluePopulation,LengthFT,Sex,Pregnant,Latitude,Longitude,Maturity,OriginalAge,Age,MinAge,AccurateAge,TotalCorpora,MarkNo
Maeda,25,3,1960,Pygmy,72,F,No,-50,72,Unknown,10,10,No,Yes,NA,
Maeda,25,3,1960,Pygmy,71,F,No,-50,72,Unknown,17,17,No,Yes,NA,
Maeda,17,3,1960,Pygmy,72,F,No,-51,73,Unknown,16,16,No,Yes,NA,
Maeda,18,3,1960,Pygmy,69,F,No,-49,70,Unknown,11,11,No,Yes,NA,
Maeda,18,3,1960,Pygmy,74,F,No,-49,70,Unknown,18,18,Yes,No,NA,
Maeda,18,3,1960,Pygmy,74,F,No,-49,70,Unknown,35,35,Yes,No,NA,
Maeda,18,3,1960,Pygmy,72,F,No,-49,70,Unknown,13,13,Yes,No,NA,
Maeda,18,3,1960,Pygmy,72,F,No,-49,70,Unknown,13?,13,No,No,NA,
Maeda,18,3,1960,Pygmy,73,F,Yes,-49,70,Mature,18,18,No,Yes,NA,
Maeda,18,3,1960,Pygmy,71,M,No,-49,70,Unknown,19,19,No,Yes,NA,
Maeda,18,3,1960,Pygmy,71,F,Yes,-49,70,Mature,29,29,No,Yes,NA,
Maeda,18,3,1960,Pygmy,72,M,No,-49,70,Unknown,40,40,No,Yes,NA,
Maeda,18,3,1960,Pygmy,73,F,No,-49,70,Unknown,21,21,No,Yes,NA,
Maeda,18,3,1960,Pygmy,76,F,No,-49,70,Unknown,21,21,Yes,No,NA,
Maeda,18,3,1960,Pygmy,73,F,Yes,-49,70,Mature,24,24,No,Yes,NA,
Maeda,18,3,1960,Pygmy,70,F,No,-49,70,Unknown,4,4,No,Yes,NA,
Maeda,18,3,1960,Pygmy,71,F,Yes,-49,70,Mature,11,11,No,Yes,NA,
Maeda,18,3,1960,Pygmy,71,F,No,-49,70,Unknown,37,37,No,Yes,NA,
Maeda,18,3,1960,Pygmy,74,M,No,-49,70,Unknown,25,25,No,Yes,NA,
Maeda,18,3,1960,Pygmy,73,M,No,-49,70,Unknown,47,47,No,Yes,NA,
Maeda,19,3,1960,Pygmy,75,M,No,-50,70,Unknown,29,29,No,Yes,NA,
Maeda,19,3,1960,Pygmy,71,F,No,-50,70,Unknown,19,19,No,Yes,NA,
Maeda,19,3,1960,Pygmy,76,M,No,-50,70,Unknown,26,26,No,Yes,NA,
Maeda,19,3,1960,Pygmy,74,F,No,-50,70,Unknown,21,21,No,Yes,NA,
Maeda,19,3,1960,Pygmy,70,F,No,-50,70,Unknown,34,34,No,Yes,NA,
Maeda,19,3,1960,Pygmy,72,M,No,-50,70,Unknown,21,21,No,Yes,NA,
Maeda,19,3,1960,Pygmy,71,M,No,-50,70,Unknown,16,16,No,Yes,NA,
Maeda,19,3,1960,Pygmy,74,M,No,-50,70,Unknown,6,6,No,Yes,NA,
Maeda,19,3,1960,Pygmy,70,F,No,-50,70,Unknown,15,15,No,Yes,NA,
Maeda,19,3,1960,Pygmy,72,F,Yes,-50,70,Mature,17,17,Yes,No,NA,
Maeda,19,3,1960,Pygmy,73,F,No,-50,70,Unknown,14,14,No,Yes,NA,
Maeda,19,3,1960,Pygmy,70,F,No,-50,70,Unknown,8,8,No,Yes,NA,
Maeda,19,3,1960,Pygmy,69,F,No,-50,70,Unknown,11,11,No,Yes,NA,
Maeda,19,3,1960,Pygmy,71,M,No,-50,70,Unknown,23,23,No,Yes,NA,
Maeda,19,3,1960,Pygmy,73,M,No,-50,70,Unknown,14,14,No,Yes,NA,
Maeda,19,3,1960,Pygmy,76,F,No,-50,70,Unknown,29,29,No,Yes,NA,
Maeda,19,3,1960,Pygmy,75,F,No,-50,70,Unknown,24,24,No,Yes,NA,
Maeda,19,3,1960,Pygmy,72,F,No,-50,70,Unknown,27,27,No,Yes,NA,
Maeda,19,3,1960,Pygmy,70,M,No,-50,70,Unknown,13,13,No,Yes,NA,
Maeda,19,3,1960,Pygmy,72,F,No,-50,70,Unknown,23,23,No,Yes,NA,
Maeda,19,3,1960,Pygmy,74,M,No,-50,70,Unknown,17,17,No,Yes,NA,
Maeda,20,3,1960,Pygmy,74,F,No,-49,70,Unknown,28,28,No,Yes,NA,
Maeda,20,3,1960,Pygmy,76,F,No,-49,70,Unknown,11,11,Yes,No,NA,
Maeda,20,3,1960,Pygmy,78,F,No,-49,70,Unknown,28,28,No,Yes,NA,
Maeda,20,3,1960,Pygmy,77,F,Yes,-49,70,Mature,22,22,No,Yes,NA,
Maeda,20,3,1960,Pygmy,72,F,No,-49,70,Unknown,25,25,No,Yes,NA,
Maeda,20,3,1960,Pygmy,79,F,No,-49,70,Unknown,38,38,No,Yes,NA,
Maeda,20,3,1960,Pygmy,72,M,No,-49,70,Unknown,29,29,No,Yes,NA,
Maeda,20,3,1960,Pygmy,74,F,No,-49,70,Unknown,26,26,No,Yes,NA,
Maeda,20,3,1960,Pygmy,70,F,No,-49,70,Unknown,20,20,No,Yes,NA,
Maeda,20,3,1960,Pygmy,76,F,No,-49,70,Unknown,7,7,Yes,No,NA,
Maeda,20,3,1960,Pygmy,73,F,No,-49,70,Unknown,13,13,No,Yes,NA,
Maeda,20,3,1960,Pygmy,77,F,No,-49,70,Unknown,21,21,Yes,No,NA,
Maeda,20,3,1960,Pygmy,77,M,No,-49,70,Unknown,22,22,No,Yes,NA,
Maeda,20,3,1960,Pygmy,77,M,No,-49,70,Unknown,31,31,No,Yes,NA,
Maeda,20,3,1960,Pygmy,73,F,No,-49,70,Unknown,27,27,No,Yes,NA,
Maeda,20,3,1960,Pygmy,73,M,No,-49,70,Unknown,18,18,No,Yes,NA,
Maeda,20,3,1960,Pygmy,70,F,No,-49,70,Unknown,12,12,No,Yes,NA,
Maeda,20,3,1960,Pygmy,75,F,No,-49,70,Unknown,17,17,No,Yes,NA,
Maeda,20,3,1960,Pygmy,72,F,No,-49,70,Unknown,23,23,No,Yes,NA,
Maeda,20,3,1960,Pygmy,70,M,No,-49,70,Unknown,35,35,No,Yes,NA,
Maeda,20,3,1960,Pygmy,72,F,No,-49,70,Unknown,14,14,No,Yes,NA,
Maeda,20,3,1960,Pygmy,72,F,No,-49,70,Unknown,28,28,No,Yes,NA,
Maeda,21,3,1960,Pygmy,72,F,No,-48,70,Unknown,21,21,No,Yes,NA,
Maeda,21,3,1960,Pygmy,70,M,No,-48,70,Unknown,7,7,No,Yes,NA,
Maeda,21,3,1960,Pygmy,72,M,No,-48,70,Unknown,27,27,No,Yes,NA,
Maeda,21,3,1960,Pygmy,75,F,No,-48,70,Unknown,19,19,No,Yes,NA,
Maeda,21,3,1960,Pygmy,72,M,No,-48,70,Unknown,30,30,Yes,No,NA,
Maeda,21,3,1960,Pygmy,74,M,No,-48,70,Unknown,27,27,No,Yes,NA,
Maeda,21,3,1960,Pygmy,74,F,No,-48,70,Unknown,19,19,No,Yes,NA,
Maeda,21,3,1960,Pygmy,71,F,Yes,-48,70,Mature,14,14,Yes,No,NA,
Maeda,21,3,1960,Pygmy,77,F,No,-48,70,Unknown,26,26,No,Yes,NA,
Maeda,21,3,1960,Pygmy,77,F,Yes,-48,70,Mature,24,24,No,Yes,NA,
Maeda,21,3,1960,Pygmy,72,F,No,-48,70,Unknown,12,12,No,Yes,NA,
Maeda,21,3,1960,Pygmy,75,F,No,-48,70,Unknown,20,20,No,Yes,NA,
Maeda,21,3,1960,Pygmy,73,F,Yes,-48,70,Mature,38,38,No,Yes,NA,
Maeda,21,3,1960,Pygmy,70,M,No,-48,70,Unknown,23,23,No,Yes,NA,
Maeda,21,3,1960,Pygmy,74,F,Yes,-48,70,Mature,30,30,No,Yes,NA,
Maeda,21,3,1960,Pygmy,73,M,No,-48,70,Unknown,19,19,Yes,No,NA,
Maeda,21,3,1960,Pygmy,72,F,No,-48,70,Unknown,8,8,No,Yes,NA,
Maeda,21,3,1960,Pygmy,73,M,No,-48,70,Unknown,21,21,No,Yes,NA,
Maeda,21,3,1960,Pygmy,70,M,No,-48,70,Unknown,24,24,No,Yes,NA,
Maeda,21,3,1960,Pygmy,78,F,No,-48,70,Unknown,20,20,No,Yes,NA,
Maeda,22,3,1960,Pygmy,70,M,No,-49,70,Unknown,19,19,No,Yes,NA,
Maeda,22,3,1960,Pygmy,72,F,No,-49,70,Unknown,16,16,No,Yes,NA,
Maeda,22,3,1960,Pygmy,67,M,No,-49,70,Unknown,18,18,No,Yes,NA,
Maeda,22,3,1960,Pygmy,71,F,No,-49,70,Unknown,38,38,No,Yes,NA,
Maeda,22,3,1960,Pygmy,69,M,No,-49,70,Unknown,10,10,Yes,No,NA,
Maeda,22,3,1960,Pygmy,71,F,No,-49,70,Unknown,37,37,No,Yes,NA,
Maeda,22,3,1960,Pygmy,73,F,Yes,-49,70,Mature,35,35,No,Yes,NA,
Maeda,22,3,1960,Pygmy,74,F,No,-49,70,Unknown,20,20,No,Yes,NA,
Maeda,22,3,1960,Pygmy,72,M,No,-49,70,Unknown,11,11,No,Yes,NA,
Maeda,22,3,1960,Pygmy,72,M,No,-49,70,Unknown,20,20,No,Yes,NA,
Maeda,22,3,1960,Pygmy,78,F,No,-49,70,Unknown,42?,42,No,No,NA,
Maeda,22,3,1960,Pygmy,70,M,No,-49,70,Unknown,18,18,No,Yes,NA,
Maeda,22,3,1960,Pygmy,73,M,No,-49,70,Unknown,17,17,Yes,No,NA,
Maeda,22,3,1960,Pygmy,75,F,No,-49,70,Unknown,26,26,No,Yes,NA,
Maeda,22,3,1960,Pygmy,72,M,No,-49,70,Unknown,38,38,No,Yes,NA,
Maeda,22,3,1960,Pygmy,70,M,No,-49,70,Unknown,36,36,No,Yes,NA,
Maeda,22,3,1960,Pygmy,73,M,No,-49,70,Unknown,31,31,No,Yes,NA,
Maeda,22,3,1960,Pygmy,70,F,No,-49,70,Unknown,29,29,No,Yes,NA,
Maeda,22,3,1960,Pygmy,73,M,No,-49,70,Unknown,34,34,No,Yes,NA,
Maeda,22,3,1960,Pygmy,71,F,No,-49,70,Unknown,13,13,Yes,No,NA,
Maeda,22,3,1960,Pygmy,72,F,Yes,-49,70,Mature,23,23,No,Yes,NA,
Maeda,23,3,1960,Pygmy,75,F,No,-49,70,Unknown,20,20,No,Yes,NA,
Maeda,23,3,1960,Pygmy,72,F,No,-49,70,Unknown,19?,19,No,No,NA,
Maeda,23,3,1960,Pygmy,71,M,No,-49,70,Unknown,19,19,No,Yes,NA,
Maeda,23,3,1960,Pygmy,71,F,Yes,-49,70,Mature,20,20,No,Yes,NA,
Maeda,23,3,1960,Pygmy,78,F,No,-49,70,Unknown,19,19,No,Yes,NA,
Maeda,23,3,1960,Pygmy,68,M,No,-49,70,Unknown,11,11,No,Yes,NA,
Maeda,23,3,1960,Pygmy,72,M,No,-49,70,Unknown,16,16,No,Yes,NA,
Maeda,23,3,1960,Pygmy,73,F,No,-49,70,Unknown,16,16,No,Yes,NA,
Maeda,23,3,1960,Pygmy,71,F,No,-49,70,Unknown,38,38,No,Yes,NA,
Maeda,23,3,1960,Pygmy,70,M,No,-49,70,Unknown,15,15,No,Yes,NA,
Maeda,23,3,1960,Pygmy,74,M,No,-49,70,Unknown,20,20,No,Yes,NA,
Maeda,23,3,1960,Pygmy,71,M,No,-49,70,Unknown,16,16,No,Yes,NA,
Maeda,23,3,1960,Pygmy,72,M,No,-49,70,Unknown,39,39,No,Yes,NA,
Maeda,23,3,1960,Pygmy,75,F,No,-49,70,Unknown,27,27,Yes,No,NA,
Maeda,23,3,1960,Pygmy,75,M,No,-49,70,Unknown,21,21,No,Yes,NA,
Maeda,23,3,1960,Pygmy,76,F,Yes,-49,70,Mature,21,21,No,Yes,NA,
Maeda,24,3,1960,Pygmy,73,F,No,-49,70,Unknown,22,22,No,Yes,NA,
Maeda,24,3,1960,Pygmy,70,M,No,-49,70,Unknown,13,13,Yes,No,NA,
Maeda,24,3,1960,Pygmy,70,F,Yes,-49,70,Mature,21,21,No,Yes,NA,
Maeda,24,3,1960,Pygmy,72,F,No,-49,70,Unknown,20,20,No,Yes,NA,
Maeda,24,3,1960,Pygmy,72,F,No,-49,70,Unknown,16,16,No,Yes,NA,
Maeda,24,3,1960,Pygmy,73,F,No,-49,70,Unknown,23,23,No,Yes,NA,
Maeda,24,3,1960,Pygmy,77,F,No,-49,70,Unknown,30,30,No,Yes,NA,
Maeda,24,3,1960,Pygmy,75,F,No,-49,70,Unknown,19,19,No,Yes,NA,
Maeda,24,3,1960,Pygmy,74,F,Yes,-49,70,Mature,22,22,No,Yes,NA,
Maeda,24,3,1960,Pygmy,68,F,No,-49,70,Unknown,19,19,Yes,No,NA,
Maeda,24,3,1960,Pygmy,70,M,No,-49,70,Unknown,16,16,Yes,No,NA,
Maeda,24,3,1960,Pygmy,73,M,No,-49,70,Unknown,17,17,No,Yes,NA,
Maeda,24,3,1960,Pygmy,69,M,No,-49,70,Unknown,21,21,No,Yes,NA,
Maeda,24,3,1960,Pygmy,70,M,No,-49,70,Unknown,27,27,No,Yes,NA,
Maeda,24,3,1960,Pygmy,76,F,No,-49,70,Unknown,16,16,Yes,No,NA,
Maeda,24,3,1960,Pygmy,73,F,No,-49,70,Unknown,22,22,No,Yes,NA,
Maeda,24,3,1960,Pygmy,71,M,No,-49,70,Unknown,21,21,No,Yes,NA,
Maeda,24,3,1960,Pygmy,73,M,No,-49,70,Unknown,20,20,No,Yes,NA,
Maeda,24,3,1960,Pygmy,70,M,No,-49,70,Unknown,16,16,Yes,No,NA,
Maeda,24,3,1960,Pygmy,76,M,No,-49,70,Unknown,34,34,No,Yes,NA,
Maeda,24,3,1960,Pygmy,70,F,Yes,-49,70,Mature,22,22,No,Yes,NA,
Maeda,25,3,1960,Pygmy,70,M,No,-48,70,Unknown,18,18,No,Yes,NA,
Maeda,25,3,1960,Pygmy,70,F,No,-48,70,Unknown,18,18,No,Yes,NA,
Maeda,25,3,1960,Pygmy,70,F,No,-48,70,Unknown,13,13,No,Yes,NA,
Maeda,25,3,1960,Pygmy,71,F,No,-48,70,Unknown,24,24,No,Yes,NA,
Maeda,25,3,1960,Pygmy,75,F,Yes,-48,70,Mature,28,28,No,Yes,NA,
Maeda,25,3,1960,Pygmy,73,M,No,-48,70,Unknown,32,32,No,Yes,NA,
Maeda,25,3,1960,Pygmy,77,M,No,-48,70,Unknown,15,15,No,Yes,NA,
Maeda,25,3,1960,Pygmy,76,F,No,-48,70,Unknown,26,26,No,Yes,NA,
Maeda,25,3,1960,Pygmy,77,F,No,-48,70,Unknown,21,21,No,Yes,NA,
Maeda,25,3,1960,Pygmy,73,M,No,-48,70,Unknown,19,19,No,Yes,NA,
Maeda,25,3,1960,Pygmy,73,M,No,-48,70,Unknown,20?,20,No,No,NA,
Maeda,25,3,1960,Pygmy,72,M,No,-48,70,Unknown,19,19,No,Yes,NA,
Maeda,25,3,1960,Pygmy,77,F,No,-48,70,Unknown,18,18,Yes,No,NA,
Maeda,25,3,1960,Pygmy,74,M,No,-48,70,Unknown,22,22,No,Yes,NA,
Maeda,25,3,1960,Pygmy,73,M,No,-48,70,Unknown,20,20,No,Yes,NA,
Maeda,25,3,1960,Pygmy,71,M,No,-48,70,Unknown,16,16,No,Yes,NA,
Maeda,25,3,1960,Pygmy,72,F,No,-48,70,Unknown,25,25,No,Yes,NA,
Maeda,25,3,1960,Pygmy,70,F,No,-48,70,Unknown,14,14,Yes,No,NA,
Maeda,25,3,1960,Pygmy,70,M,No,-48,70,Unknown,28,28,No,Yes,NA,
Maeda,25,3,1960,Pygmy,74,F,No,-48,70,Unknown,8,8,Yes,No,NA,
Maeda,25,3,1960,Pygmy,71,M,No,-48,70,Unknown,12,12,No,Yes,NA,
Maeda,25,3,1960,Pygmy,73,M,No,-48,70,Unknown,28,28,No,Yes,NA,
Maeda,25,3,1960,Pygmy,73,M,No,-48,70,Unknown,51,51,No,Yes,NA,
Maeda,25,3,1960,Pygmy,73,F,No,-48,70,Unknown,13,13,Yes,No,NA,
Maeda,25,3,1960,Pygmy,77,F,No,-48,70,Unknown,10,10,Yes,No,NA,
Maeda,25,3,1960,Pygmy,72,M,No,-48,70,Unknown,12,12,No,Yes,NA,
Maeda,26,3,1960,Pygmy,70,F,No,-48,69,Unknown,5,5,No,Yes,NA,
Maeda,26,3,1960,Pygmy,72,M,No,-48,69,Unknown,20,20,No,Yes,NA,
Maeda,26,3,1960,Pygmy,72,F,No,-48,69,Unknown,24,24,No,Yes,NA,
Maeda,26,3,1960,Pygmy,70,F,No,-48,69,Unknown,15,15,Yes,No,NA,
Maeda,25,3,1960,Pygmy,78,F,No,-53,74,Unknown,33,33,No,Yes,NA,
Maeda,25,3,1960,Pygmy,73,F,Yes,-53,74,Mature,22,22,No,Yes,NA,
Maeda,25,3,1960,Pygmy,70,M,No,-53,74,Unknown,4,4,No,Yes,NA,
Maeda,26,3,1960,Pygmy,73,M,No,-49,70,Unknown,9,9,No,Yes,NA,
Maeda,26,3,1960,Pygmy,72,F,No,-49,70,Unknown,42,42,No,Yes,NA,
Maeda,26,3,1960,Pygmy,73,F,No,-49,70,Unknown,9,9,No,Yes,NA,
Maeda,26,3,1960,Pygmy,71,F,No,-49,70,Unknown,7,7,No,Yes,NA,
Maeda,26,3,1960,Pygmy,72,F,No,-49,70,Unknown,13,13,Yes,No,NA,
Maeda,26,3,1960,Pygmy,72,M,No,-49,70,Unknown,8,8,No,Yes,NA,
Maeda,26,3,1960,Pygmy,72,M,No,-49,70,Unknown,6,6,Yes,No,NA,
Maeda,26,3,1960,Pygmy,71,M,No,-49,70,Unknown,22,22,No,Yes,NA,
Maeda,26,3,1960,Pygmy,77,F,No,-49,70,Unknown,25,25,No,Yes,NA,
Maeda,26,3,1960,Pygmy,70,M,No,-49,70,Unknown,18,18,No,Yes,NA,
Maeda,26,3,1960,Pygmy,68,M,No,-49,70,Unknown,6,6,No,Yes,NA,
Maeda,9,2,1961,Pygmy,70,F,No,-47,39,Unknown,15,15,No,Yes,NA,
Maeda,9,2,1961,Pygmy,72,M,No,-47,39,Unknown,20,20,No,Yes,NA,
Maeda,9,2,1961,Pygmy,71,F,No,-47,39,Unknown,20,20,No,Yes,NA,
Maeda,9,2,1961,Pygmy,71,M,No,-47,39,Unknown,11,11,No,Yes,NA,
Maeda,9,2,1961,Pygmy,71,M,No,-47,39,Unknown,13,13,No,Yes,NA,
Maeda,9,2,1961,Pygmy,73,M,No,-47,39,Unknown,31,31,No,Yes,NA,
Maeda,9,2,1961,Pygmy,73,M,No,-47,39,Unknown,26,26,No,Yes,NA,
Maeda,9,2,1961,Pygmy,72,M,No,-47,39,Unknown,17,17,No,Yes,NA,
Maeda,9,2,1961,Pygmy,80,F,No,-47,39,Unknown,37,37,No,Yes,NA,
Maeda,9,2,1961,Pygmy,79,F,No,-47,39,Unknown,22,22,No,Yes,NA,
Maeda,9,2,1961,Pygmy,77,M,No,-47,39,Unknown,19,19,No,Yes,NA,
Maeda,9,2,1961,Pygmy,74,M,No,-47,39,Unknown,15,15,No,Yes,NA,
Maeda,9,2,1961,Pygmy,75,M,No,-47,39,Unknown,27,27,No,Yes,NA,
Maeda,9,2,1961,Pygmy,70,M,No,-47,39,Unknown,36,36,No,Yes,NA,
Maeda,9,2,1961,Pygmy,72,F,No,-47,39,Unknown,12,12,No,Yes,NA,
Maeda,9,2,1961,Pygmy,72,M,No,-47,39,Unknown,19,19,Yes,No,NA,
Maeda,9,2,1961,Pygmy,72,F,Yes,-47,39,Mature,19,19,No,Yes,NA,
Maeda,9,2,1961,Pygmy,74,M,No,-47,39,Unknown,45,45,No,Yes,NA,
Maeda,9,2,1961,Pygmy,71,F,No,-47,39,Unknown,8,8,No,Yes,NA,
Maeda,10,2,1961,Pygmy,71,M,No,-48,42,Unknown,46,46,No,Yes,NA,
Maeda,10,2,1961,Pygmy,71,M,No,-48,42,Unknown,7,7,No,Yes,NA,
Maeda,10,2,1961,Pygmy,68,F,No,-48,42,Unknown,5,5,No,Yes,NA,
Maeda,10,2,1961,Pygmy,73,F,No,-48,42,Unknown,33,33,No,Yes,NA,
Maeda,11,2,1961,Pygmy,73,M,No,-47,41,Unknown,24,24,Yes,No,NA,
Maeda,11,2,1961,Pygmy,73,F,No,-47,41,Unknown,21,21,No,Yes,NA,
Maeda,12,2,1961,Pygmy,70,F,No,-47,41,Unknown,20,20,No,Yes,NA,
Maeda,12,2,1961,Pygmy,70,M,No,-47,41,Unknown,20,20,No,Yes,NA,
Maeda,12,2,1961,Pygmy,72,M,No,-47,41,Unknown,23,23,No,Yes,NA,
Maeda,12,2,1961,Pygmy,71,F,No,-47,41,Unknown,14,14,Yes,No,NA,
Maeda,12,2,1961,Pygmy,72,M,No,-47,41,Unknown,29,29,No,Yes,NA,
Maeda,12,2,1961,Pygmy,72,M,No,-47,41,Unknown,11,11,No,Yes,NA,
Maeda,12,2,1961,Pygmy,73,M,No,-47,41,Unknown,53,53,No,Yes,NA,
Maeda,12,2,1961,Pygmy,72,M,No,-47,41,Unknown,29,29,No,Yes,NA,
Maeda,12,2,1961,Pygmy,70,F,No,-47,41,Unknown,19,19,Yes,No,NA,
Maeda,12,2,1961,Pygmy,72,M,No,-47,41,Unknown,35,35,Yes,No,NA,
Maeda,12,2,1961,Pygmy,71,M,No,-47,41,Unknown,28,28,No,Yes,NA,
Maeda,12,2,1961,Pygmy,71,M,No,-47,41,Unknown,31,31,No,Yes,NA,
Maeda,12,2,1961,Pygmy,72,F,No,-47,41,Unknown,3,3,No,Yes,NA,
Maeda,12,2,1961,Pygmy,73,F,Yes,-47,41,Mature,26,26,No,Yes,NA,
Maeda,12,2,1961,Pygmy,71,M,No,-47,41,Unknown,22,22,No,Yes,NA,
Maeda,12,2,1961,Pygmy,72,M,No,-47,41,Unknown,23,23,No,Yes,NA,
Maeda,12,2,1961,Pygmy,72,F,No,-47,41,Unknown,20,20,No,Yes,NA,
Maeda,12,2,1961,Pygmy,72,M,No,-47,41,Unknown,46,46,No,Yes,NA,
Maeda,12,2,1961,Pygmy,73,M,No,-47,41,Unknown,24,24,No,Yes,NA,
Maeda,12,2,1961,Pygmy,72,F,Yes,-47,41,Mature,17,17,No,Yes,NA,
Maeda,12,2,1961,Pygmy,72,F,No,-47,41,Unknown,30,30,No,Yes,NA,
Maeda,12,2,1961,Pygmy,74,F,Yes,-47,41,Mature,29,29,No,Yes,NA,
Maeda,12,2,1961,Pygmy,70,M,No,-47,41,Unknown,18,18,Yes,No,NA,
Maeda,12,2,1961,Pygmy,71,M,No,-47,41,Unknown,26,26,No,Yes,NA,
Maeda,12,2,1961,Pygmy,70,F,Yes,-47,41,Mature,13,13,Yes,No,NA,
Maeda,12,2,1961,Pygmy,70,M,No,-47,41,Unknown,24,24,Yes,No,NA,
Maeda,12,2,1961,Pygmy,73,M,No,-47,41,Unknown,70,70,No,Yes,NA,
Maeda,12,2,1961,Pygmy,71,M,No,-47,41,Unknown,24,24,No,Yes,NA,
Maeda,12,2,1961,Pygmy,72,M,No,-47,41,Unknown,25,25,No,Yes,NA,
Maeda,13,2,1961,Pygmy,73,F,Yes,-47,42,Mature,18,18,No,Yes,NA,
Maeda,13,2,1961,Pygmy,72,F,No,-47,42,Unknown,18,18,No,Yes,NA,
Maeda,13,2,1961,Pygmy,72,M,No,-47,42,Unknown,39,39,No,Yes,NA,
Maeda,13,2,1961,Pygmy,74,F,No,-47,42,Unknown,15,15,No,Yes,NA,
Maeda,13,2,1961,Pygmy,73,M,No,-47,42,Unknown,25,25,No,Yes,NA,
Maeda,13,2,1961,Pygmy,74,M,No,-47,42,Unknown,43,43,No,Yes,NA,
Maeda,13,2,1961,Pygmy,73,F,Yes,-47,42,Mature,20,20,No,Yes,NA,
Maeda,13,2,1961,Pygmy,73,M,No,-47,42,Unknown,16,16,No,Yes,NA,
Maeda,13,2,1961,Pygmy,73,M,No,-47,42,Unknown,4,4,No,Yes,NA,
Maeda,13,2,1961,Pygmy,72,F,Yes,-47,42,Mature,14,14,No,Yes,NA,
Maeda,13,2,1961,Pygmy,73,F,No,-47,42,Unknown,26,26,No,Yes,NA,
Maeda,13,2,1961,Pygmy,70,F,Yes,-47,42,Mature,21,21,No,Yes,NA,
Maeda,13,2,1961,Pygmy,72,F,No,-47,42,Unknown,16,16,No,Yes,NA,
Maeda,13,2,1961,Pygmy,72,M,No,-47,42,Unknown,43,43,No,Yes,NA,
Maeda,13,2,1961,Pygmy,72,M,No,-47,42,Unknown,15,15,No,Yes,NA,
Maeda,13,2,1961,Pygmy,72,M,No,-47,42,Unknown,37,37,No,Yes,NA,
Maeda,13,2,1961,Pygmy,66,M,No,-47,42,Mature,8,8,No,Yes,NA,
Maeda,13,2,1961,Pygmy,70,M,No,-47,42,Unknown,15,15,No,Yes,NA,
Maeda,13,2,1961,Pygmy,70,F,Yes,-47,42,Mature,57,57,No,Yes,NA,
Maeda,13,2,1961,Pygmy,67,M,No,-47,42,Unknown,19,19,Yes,No,NA,
Maeda,13,2,1961,Pygmy,70,M,No,-47,42,Unknown,20,20,No,Yes,NA,
Maeda,14,2,1961,Pygmy,71,F,No,-47,43,Unknown,28,28,Yes,No,NA,
Maeda,14,2,1961,Pygmy,71,F,No,-47,43,Unknown,29,29,Yes,No,NA,
Maeda,14,2,1961,Pygmy,72,M,No,-47,43,Unknown,17,17,No,Yes,NA,
Maeda,14,2,1961,Pygmy,72,M,No,-47,43,Unknown,38,38,No,Yes,NA,
Maeda,15,2,1961,Pygmy,75,F,No,-48,44,Unknown,44,44,No,Yes,NA,
Maeda,3,3,1961,Pygmy,72,F,No,-48,47,Unknown,21,21,No,Yes,NA,
Maeda,3,3,1961,Pygmy,71,M,No,-48,47,Unknown,30,30,Yes,No,NA,
Maeda,3,3,1961,Pygmy,70,M,No,-48,47,Unknown,25,25,No,Yes,NA,
Maeda,3,3,1961,Pygmy,73,M,No,-48,47,Unknown,48,48,No,Yes,NA,
Maeda,3,3,1961,Pygmy,73,M,No,-48,47,Unknown,40,40,No,Yes,NA,
Maeda,3,3,1961,Pygmy,71,M,No,-48,47,Unknown,19,19,No,Yes,NA,
Maeda,3,3,1961,Pygmy,71,M,No,-48,47,Unknown,10,10,Yes,No,NA,
Maeda,3,3,1961,Pygmy,72,F,Yes,-48,47,Mature,47,47,No,Yes,NA,
Maeda,3,3,1961,Pygmy,72,F,No,-48,47,Unknown,31,31,No,Yes,NA,
Maeda,3,3,1961,Pygmy,72,M,No,-48,47,Unknown,17,17,No,Yes,NA,
Maeda,3,3,1961,Pygmy,71,F,Yes,-48,47,Mature,22,22,No,Yes,NA,
Maeda,4,3,1961,Pygmy,75,M,No,-48,48,Unknown,32,32,No,Yes,NA,
Maeda,4,3,1961,Pygmy,72,F,No,-48,48,Unknown,49,49,No,Yes,NA,
Maeda,4,3,1961,Pygmy,70,F,No,-48,48,Unknown,10,10,No,Yes,NA,
Maeda,4,3,1961,Pygmy,70,M,No,-48,48,Unknown,20,20,No,Yes,NA,
Maeda,4,3,1961,Pygmy,73,F,Yes,-48,48,Mature,20,20,Yes,No,NA,
Maeda,4,3,1961,Pygmy,72,M,No,-48,48,Unknown,43,43,No,Yes,NA,
Maeda,4,3,1961,Pygmy,72,M,No,-48,48,Unknown,31,31,No,Yes,NA,
Maeda,5,3,1961,Pygmy,71,F,Yes,-48,48,Mature,14,14,No,Yes,NA,
Maeda,5,3,1961,Pygmy,75,M,No,-48,48,Unknown,50,50,No,Yes,NA,
Maeda,5,3,1961,Pygmy,76,F,Yes,-48,48,Mature,50,50,No,Yes,NA,
Maeda,5,3,1961,Pygmy,72,M,No,-48,48,Unknown,12,12,No,Yes,NA,
Maeda,5,3,1961,Pygmy,76,M,No,-48,48,Unknown,40,40,No,Yes,NA,
Maeda,5,3,1961,Pygmy,72,F,No,-48,48,Unknown,21,21,No,Yes,NA,
Maeda,6,3,1961,Pygmy,72,F,Yes,-47,48,Mature,25,25,No,Yes,NA,
Maeda,7,3,1961,Pygmy,73,M,No,-48,48,Unknown,35,35,No,Yes,NA,
Maeda,7,3,1961,Pygmy,72,F,No,-48,48,Unknown,29,29,No,Yes,NA,
Maeda,8,3,1961,Pygmy,70,M,No,-48,47,Unknown,29,29,No,Yes,NA,
Maeda,8,3,1961,Pygmy,72,F,No,-48,47,Unknown,27,27,No,Yes,NA,
Maeda,8,3,1961,Pygmy,72,M,No,-48,47,Unknown,17,17,No,Yes,NA,
Maeda,10,3,1961,Pygmy,72,M,No,-48,47,Unknown,51,51,No,Yes,NA,
Maeda,10,3,1961,Pygmy,72,M,No,-48,47,Unknown,34,34,No,Yes,NA,
Maeda,10,3,1961,Pygmy,70,M,No,-48,47,Unknown,41,41,No,Yes,NA,
Maeda,10,3,1961,Pygmy,70,F,No,-48,47,Unknown,15,15,No,Yes,NA,
Maeda,10,3,1961,Pygmy,70,F,Yes,-48,47,Mature,25,25,No,Yes,NA,
Maeda,10,3,1961,Pygmy,76,F,Yes,-48,47,Mature,24,24,No,Yes,NA,
Maeda,11,3,1961,Pygmy,74,F,Yes,-48,48,Mature,15,15,No,Yes,NA,
Maeda,11,3,1961,Pygmy,74,F,No,-48,48,Unknown,25,25,No,Yes,NA,
Maeda,11,3,1961,Pygmy,76,F,No,-48,48,Unknown,49,49,No,Yes,NA,
Maeda,11,3,1961,Pygmy,74,M,No,-48,48,Unknown,50,50,No,Yes,NA,
Maeda,12,3,1961,Pygmy,76,F,No,-49,49,Unknown,40,40,Yes,No,NA,
Maeda,12,3,1961,Pygmy,70,M,No,-49,49,Unknown,31,31,No,Yes,NA,
Maeda,12,3,1961,Pygmy,72,F,No,-49,49,Unknown,29,29,No,Yes,NA,
Maeda,12,3,1961,Pygmy,75,F,No,-49,49,Unknown,13,13,No,Yes,NA,
Maeda,12,3,1961,Pygmy,74,F,No,-49,49,Unknown,17,17,No,Yes,NA,
Maeda,12,3,1961,Pygmy,70,M,No,-49,49,Unknown,21,21,Yes,No,NA,
Maeda,12,3,1961,Pygmy,75,M,No,-49,49,Unknown,33,33,No,Yes,NA,
Maeda,12,3,1961,Pygmy,70,M,No,-49,49,Unknown,51,51,No,Yes,NA,
Maeda,12,3,1961,Pygmy,71,M,No,-49,49,Unknown,30,30,No,Yes,NA,
Maeda,12,3,1961,Pygmy,72,M,No,-49,49,Unknown,21,21,No,Yes,NA,
Maeda,13,3,1961,Pygmy,75,F,No,-49,49,Unknown,34,34,No,Yes,NA,
Maeda,13,3,1961,Pygmy,70,M,No,-49,49,Unknown,29,29,No,Yes,NA,
Maeda,13,3,1961,Pygmy,74,F,No,-49,49,Unknown,27,27,No,Yes,NA,
Maeda,13,3,1961,Pygmy,74,M,No,-49,49,Unknown,58,58,No,Yes,NA,
Maeda,13,3,1961,Pygmy,70,M,No,-49,49,Unknown,10,10,No,Yes,NA,
Maeda,13,3,1961,Pygmy,71,M,No,-49,49,Unknown,51,51,No,Yes,NA,
Maeda,13,3,1961,Pygmy,71,M,No,-49,49,Unknown,25,25,No,Yes,NA,
Maeda,13,3,1961,Pygmy,72,F,No,-49,49,Unknown,28,28,No,Yes,NA,
Maeda,14,3,1961,Pygmy,73,F,No,-49,49,Unknown,33,33,No,Yes,NA,
Maeda,4,2,1961,Pygmy,70,M,No,-48,70,Unknown,46,46,No,Yes,NA,
Maeda,4,2,1961,Pygmy,73,F,No,-48,70,Unknown,30,30,No,Yes,NA,
Maeda,4,2,1961,Pygmy,71,F,Yes,-48,70,Mature,37,37,No,Yes,NA,
Maeda,4,2,1961,Pygmy,70,M,No,-48,70,Unknown,60,60,No,Yes,NA,
Maeda,4,2,1961,Pygmy,70,M,No,-48,70,Unknown,38,38,No,Yes,NA,
Maeda,4,2,1961,Pygmy,74,M,No,-48,70,Unknown,43,43,No,Yes,NA,
Maeda,4,2,1961,Pygmy,65,M,No,-48,70,Mature,9,9,No,Yes,NA,
Maeda,4,2,1961,Pygmy,74,M,No,-48,70,Unknown,11,11,No,Yes,NA,
Maeda,4,2,1961,Pygmy,70,M,No,-48,70,Unknown,57,57,No,Yes,NA,
Maeda,4,2,1961,Pygmy,73,F,No,-48,70,Unknown,19,19,No,Yes,NA,
Maeda,4,2,1961,Pygmy,73,M,No,-48,70,Unknown,21,21,Yes,No,NA,
Maeda,4,2,1961,Pygmy,71,M,No,-48,70,Unknown,36,36,No,Yes,NA,
Maeda,4,2,1961,Pygmy,71,M,No,-48,70,Unknown,33,33,Yes,No,NA,
Maeda,4,2,1961,Pygmy,75,F,Yes,-48,70,Mature,47,47,No,Yes,NA,
Maeda,4,2,1961,Pygmy,72,M,No,-48,70,Unknown,53,53,No,Yes,NA,
Maeda,4,2,1961,Pygmy,71,M,No,-48,70,Unknown,40,40,No,Yes,NA,
Maeda,4,2,1961,Pygmy,70,M,No,-48,70,Unknown,11,11,No,Yes,NA,
Maeda,4,2,1961,Pygmy,77,M,No,-48,70,Unknown,9,9,No,Yes,NA,
Maeda,4,2,1961,Pygmy,71,M,No,-48,70,Unknown,27,27,No,Yes,NA,
Maeda,4,2,1961,Pygmy,74,M,No,-48,70,Unknown,23,23,No,Yes,NA,
Maeda,5,2,1961,Pygmy,74,M,No,-47,69,Unknown,39,39,No,Yes,NA,
Maeda,5,2,1961,Pygmy,71,M,No,-47,69,Unknown,33,33,No,Yes,NA,
Maeda,5,2,1961,Pygmy,73,M,No,-47,69,Unknown,23,23,Yes,No,NA,
Maeda,5,2,1961,Pygmy,71,M,No,-47,69,Unknown,13,13,No,Yes,NA,
Maeda,5,2,1961,Pygmy,73,M,No,-47,69,Unknown,42,42,No,Yes,NA,
Maeda,5,2,1961,Pygmy,73,M,No,-47,69,Unknown,19,19,No,Yes,NA,
Maeda,5,2,1961,Pygmy,72,M,No,-47,69,Unknown,6,6,No,Yes,NA,
Maeda,5,2,1961,Pygmy,75,M,No,-47,69,Unknown,24,24,No,Yes,NA,
Maeda,5,2,1961,Pygmy,71,M,No,-47,69,Unknown,30,30,No,Yes,NA,
Maeda,5,2,1961,Pygmy,73,F,No,-47,69,Unknown,33,33,No,Yes,NA,
Maeda,5,2,1961,Pygmy,73,M,No,-47,69,Unknown,22,22,No,Yes,NA,
Maeda,5,2,1961,Pygmy,71,M,No,-47,69,Unknown,40,40,No,Yes,NA,
Maeda,5,2,1961,Pygmy,77,F,Yes,-47,69,Mature,25,25,No,Yes,NA,
Maeda,5,2,1961,Pygmy,70,M,No,-47,69,Unknown,16,16,Yes,No,NA,
Maeda,5,2,1961,Pygmy,72,M,No,-47,69,Unknown,19,19,No,Yes,NA,
Maeda,5,2,1961,Pygmy,70,M,No,-47,69,Unknown,28,28,No,Yes,NA,
Maeda,5,2,1961,Pygmy,70,M,No,-47,69,Unknown,12,12,No,Yes,NA,
Maeda,5,2,1961,Pygmy,71,F,Yes,-47,69,Mature,49,49,No,Yes,NA,
Maeda,5,2,1961,Pygmy,72,M,No,-47,69,Unknown,40,40,No,Yes,NA,
Maeda,6,2,1961,Pygmy,72,F,Yes,-48,70,Mature,31,31,No,Yes,NA,
Maeda,6,2,1961,Pygmy,75,M,No,-48,70,Unknown,24,24,No,Yes,NA,
Maeda,6,2,1961,Pygmy,73,M,No,-48,70,Unknown,36,36,Yes,No,NA,
Maeda,6,2,1961,Pygmy,74,M,No,-48,70,Unknown,32,32,Yes,No,NA,
Maeda,6,2,1961,Pygmy,72,M,No,-48,70,Unknown,52,52,Yes,No,NA,
Maeda,6,2,1961,Pygmy,73,M,No,-48,70,Unknown,40,40,No,Yes,NA,
Maeda,6,2,1961,Pygmy,72,M,No,-48,70,Unknown,21,21,No,Yes,NA,
Maeda,6,2,1961,Pygmy,73,F,No,-48,70,Unknown,16,16,Yes,No,NA,
Maeda,7,2,1961,Pygmy,74,F,Yes,-49,71,Mature,18,18,No,Yes,NA,
Maeda,7,2,1961,Pygmy,75,F,No,-49,71,Unknown,19,19,No,Yes,NA,
Maeda,7,2,1961,Pygmy,70,F,Yes,-49,71,Mature,22,22,No,Yes,NA,
Maeda,7,2,1961,Pygmy,70,M,No,-49,71,Unknown,13,13,Yes,No,NA,
Maeda,7,2,1961,Pygmy,71,F,Yes,-49,71,Mature,64,64,No,Yes,NA,
Maeda,7,2,1961,Pygmy,69,M,No,-49,71,Unknown,18,18,Yes,No,NA,
Maeda,7,2,1961,Pygmy,72,F,No,-49,71,Unknown,13,13,No,Yes,NA,
Maeda,7,2,1961,Pygmy,64,M,No,-49,71,Mature,16,16,No,Yes,NA,
Maeda,7,2,1961,Pygmy,72,M,No,-49,71,Unknown,22,22,No,Yes,NA,
Maeda,7,2,1961,Pygmy,70,M,No,-49,71,Unknown,15,15,No,Yes,NA,
Maeda,9,2,1961,Pygmy,71,M,No,-47,70,Unknown,25,25,No,Yes,NA,
Maeda,9,2,1961,Pygmy,73,M,No,-47,70,Unknown,14,14,No,Yes,NA,
Maeda,9,2,1961,Pygmy,71,M,No,-47,70,Unknown,28,28,No,Yes,NA,
Maeda,9,2,1961,Pygmy,74,M,No,-47,70,Unknown,17,17,No,Yes,NA,
Maeda,10,2,1961,Pygmy,72,M,No,-48,70,Unknown,27,27,No,Yes,NA,
Maeda,10,2,1961,Pygmy,71,M,No,-48,70,Unknown,29,29,Yes,No,NA,
Maeda,10,2,1961,Pygmy,73,F,Yes,-48,70,Mature,30,30,No,Yes,NA,
Maeda,10,2,1961,Pygmy,71,F,No,-48,70,Unknown,14,14,No,Yes,NA,
Maeda,10,2,1961,Pygmy,72,F,No,-48,70,Unknown,19,19,No,Yes,NA,
Maeda,11,2,1961,Pygmy,75,F,Yes,-49,71,Mature,21,21,No,Yes,NA,
Maeda,11,2,1961,Pygmy,72,F,No,-49,71,Unknown,13,13,Yes,No,NA,
Maeda,11,2,1961,Pygmy,72,F,No,-49,71,Unknown,29,29,No,Yes,NA,
Maeda,12,2,1961,Pygmy,73,F,Yes,-48,70,Mature,38,38,Yes,No,NA,
Maeda,12,2,1961,Pygmy,73,M,No,-48,70,Unknown,49,49,No,Yes,NA,
Maeda,12,2,1961,Pygmy,72,F,No,-48,70,Unknown,23,23,Yes,No,NA,
Maeda,13,2,1961,Pygmy,73,M,No,-47,70,Unknown,51,51,No,Yes,NA,
Maeda,13,2,1961,Pygmy,76,M,No,-47,70,Unknown,32,32,Yes,No,NA,
Maeda,1,2,1961,Pygmy,72,M,No,-47,39,Unknown,45,45,No,Yes,NA,
Maeda,2,2,1961,Pygmy,68,M,No,-48,42,Unknown,47,47,No,Yes,NA,
Maeda,2,2,1961,Pygmy,72,F,No,-48,42,Unknown,29,29,No,Yes,NA,
Maeda,2,2,1961,Pygmy,71,F,No,-48,42,Unknown,45,45,No,Yes,NA,
Maeda,2,2,1961,Pygmy,70,M,No,-48,42,Unknown,54,54,No,Yes,NA,
Maeda,2,2,1961,Pygmy,70,M,No,-48,42,Unknown,32,32,No,Yes,NA,
Maeda,2,2,1961,Pygmy,71,M,No,-48,42,Unknown,25,25,No,Yes,NA,
Maeda,2,2,1961,Pygmy,70,M,No,-48,42,Unknown,33,33,No,Yes,NA,
Maeda,2,2,1961,Pygmy,71,M,No,-48,42,Unknown,61,61,No,Yes,NA,
Maeda,2,2,1961,Pygmy,74,F,Yes,-48,42,Mature,19,19,No,Yes,NA,
Maeda,3,2,1961,Pygmy,72,F,Yes,-48,43,Mature,26,26,No,Yes,NA,
Maeda,3,2,1961,Pygmy,71,F,No,-48,43,Unknown,41,41,No,Yes,NA,
Maeda,3,2,1961,Pygmy,74,M,No,-48,43,Unknown,52,52,No,Yes,NA,
Maeda,3,2,1961,Pygmy,75,F,Yes,-48,43,Mature,20,20,No,Yes,NA,
Maeda,4,2,1961,Pygmy,76,F,No,-48,44,Unknown,17,17,No,Yes,NA,
Maeda,4,2,1961,Pygmy,71,M,No,-48,44,Unknown,15,15,No,Yes,NA,
Maeda,4,2,1961,Pygmy,70,M,No,-48,44,Unknown,23,23,No,Yes,NA,
Maeda,4,2,1961,Pygmy,76,F,Yes,-48,44,Mature,33,33,No,Yes,NA,
Maeda,4,2,1961,Pygmy,71,M,No,-48,44,Unknown,32,32,No,Yes,NA,
Maeda,4,2,1961,Pygmy,70,M,No,-48,44,Unknown,42,42,No,Yes,NA,
Maeda,4,2,1961,Pygmy,70,F,Yes,-48,44,Mature,16,16,Yes,No,NA,
Maeda,4,2,1961,Pygmy,79,F,No,-48,44,Unknown,15,15,No,Yes,NA,
Maeda,4,2,1961,Pygmy,74,F,No,-48,44,Unknown,40,40,No,Yes,NA,
Maeda,4,2,1961,Pygmy,72,M,No,-48,44,Unknown,61,61,No,Yes,NA,
Maeda,4,2,1961,Pygmy,72,M,No,-48,44,Unknown,56,56,No,Yes,NA,
Maeda,5,2,1961,Pygmy,71,M,No,-48,46,Unknown,29,29,No,Yes,NA,
Maeda,5,2,1961,Pygmy,70,M,No,-48,46,Unknown,19,19,No,Yes,NA,
Maeda,5,2,1961,Pygmy,72,M,No,-48,46,Unknown,19,19,No,Yes,NA,
Maeda,5,2,1961,Pygmy,71,M,No,-48,46,Unknown,21,21,No,Yes,NA,
Maeda,5,2,1961,Pygmy,70,M,No,-48,46,Unknown,17,17,No,Yes,NA,
Maeda,5,2,1961,Pygmy,72,F,Yes,-48,46,Mature,33,33,No,Yes,NA,
Maeda,5,2,1961,Pygmy,71,F,No,-48,46,Unknown,17,17,No,Yes,NA,
Maeda,5,2,1961,Pygmy,70,F,Yes,-48,46,Mature,9,9,No,Yes,NA,
Maeda,5,2,1961,Pygmy,76,M,No,-48,46,Unknown,50,50,No,Yes,NA,
Maeda,5,2,1961,Pygmy,71,F,No,-48,46,Unknown,27,27,No,Yes,NA,
Maeda,5,2,1961,Pygmy,75,F,Yes,-48,46,Mature,32,32,No,Yes,NA,
Maeda,5,2,1961,Pygmy,70,M,No,-48,46,Unknown,35,35,No,Yes,NA,
Maeda,6,2,1961,Pygmy,70,M,No,-48,47,Unknown,32,32,No,Yes,NA,
Maeda,6,2,1961,Pygmy,75,F,Yes,-48,47,Mature,51,51,No,Yes,NA,
Maeda,6,2,1961,Pygmy,74,F,No,-48,47,Unknown,17,17,No,Yes,NA,
Maeda,7,2,1961,Pygmy,73,M,No,-48,47,Unknown,21,21,No,Yes,NA,
Maeda,7,2,1961,Pygmy,71,M,No,-48,47,Unknown,15,15,No,Yes,NA,
Maeda,7,2,1961,Pygmy,74,M,No,-48,47,Unknown,24,24,No,Yes,NA,
Maeda,7,2,1961,Pygmy,71,M,No,-48,47,Unknown,26,26,No,Yes,NA,
Maeda,7,2,1961,Pygmy,70,M,No,-48,47,Unknown,14,14,No,Yes,NA,
Maeda,8,2,1961,Pygmy,72,M,No,-49,47,Unknown,27,27,Yes,No,NA,
Maeda,8,2,1961,Pygmy,75,F,No,-49,47,Unknown,18,18,No,Yes,NA,
Maeda,8,2,1961,Pygmy,70,M,No,-49,47,Unknown,29,29,Yes,No,NA,
Maeda,8,2,1961,Pygmy,72,M,No,-49,47,Unknown,61,61,No,Yes,NA,
Maeda,8,2,1961,Pygmy,71,F,No,-49,47,Unknown,19,19,No,Yes,NA,
Maeda,8,2,1961,Pygmy,73,F,Yes,-49,47,Mature,29,29,No,Yes,NA,
Maeda,8,2,1961,Pygmy,71,M,No,-49,47,Unknown,32,32,No,Yes,NA,
Maeda,9,2,1961,Pygmy,73,M,No,-49,46,Unknown,59,59,No,Yes,NA,
Maeda,9,2,1961,Pygmy,72,M,No,-49,46,Unknown,63,63,No,Yes,NA,
Maeda,9,2,1961,Pygmy,71,M,No,-49,46,Unknown,22,22,No,Yes,NA,
Maeda,9,2,1961,Pygmy,74,F,No,-49,46,Unknown,9,9,Yes,No,NA,
Maeda,9,2,1961,Pygmy,71,F,Yes,-49,46,Mature,18,18,No,Yes,NA,
Maeda,9,2,1961,Pygmy,68,F,No,-49,46,Unknown,9,9,No,Yes,NA,
Maeda,9,2,1961,Pygmy,70,M,No,-49,46,Unknown,9,9,Yes,No,NA,
Maeda,9,2,1961,Pygmy,71,F,No,-49,46,Unknown,21,21,No,Yes,NA,
Maeda,9,2,1961,Pygmy,70,M,No,-49,46,Unknown,28,28,No,Yes,NA,
Maeda,9,2,1961,Pygmy,71,F,No,-49,46,Unknown,28,28,No,Yes,NA,
Maeda,9,2,1961,Pygmy,75,F,No,-49,46,Unknown,11,11,No,Yes,NA,
Maeda,9,2,1961,Pygmy,71,M,No,-49,46,Unknown,28,28,No,Yes,NA,
Maeda,9,2,1961,Pygmy,73,M,No,-49,46,Unknown,37,37,No,Yes,NA,
Maeda,9,2,1961,Pygmy,76,F,Yes,-49,46,Mature,49,49,No,Yes,NA,
Maeda,10,2,1961,Pygmy,70,M,No,-48,45,Unknown,25,25,No,Yes,NA,
Maeda,10,2,1961,Pygmy,70,M,No,-48,45,Unknown,15,15,No,Yes,NA,
Maeda,10,2,1961,Pygmy,70,M,No,-48,45,Unknown,83,83,No,Yes,NA,
Maeda,10,2,1961,Pygmy,70,F,No,-48,45,Unknown,8,8,No,Yes,NA,
Maeda,10,2,1961,Pygmy,70,F,No,-48,45,Unknown,13,13,No,Yes,NA,
Maeda,10,2,1961,Pygmy,70,F,Yes,-48,45,Mature,7,7,Yes,No,NA,
Maeda,10,2,1961,Pygmy,70,M,No,-48,45,Unknown,11,11,No,Yes,NA,
Maeda,10,2,1961,Pygmy,70,M,No,-48,45,Unknown,15,15,No,Yes,NA,
Maeda,10,2,1961,Pygmy,70,F,No,-48,45,Unknown,25,25,No,Yes,NA,
Maeda,10,2,1961,Pygmy,70,F,Yes,-48,45,Mature,21,21,No,Yes,NA,
Maeda,10,2,1961,Pygmy,71,M,No,-48,45,Unknown,13,13,No,Yes,NA,
Maeda,10,2,1961,Pygmy,74,F,No,-48,45,Unknown,28,28,No,Yes,NA,
Maeda,10,2,1961,Pygmy,71,F,Yes,-48,45,Mature,42,42,No,Yes,NA,
Maeda,10,2,1961,Pygmy,76,F,Yes,-48,45,Mature,23,23,No,Yes,NA,
Maeda,10,2,1961,Pygmy,73,F,No,-48,45,Unknown,36,36,No,Yes,NA,
Maeda,10,2,1961,Pygmy,70,F,No,-48,45,Unknown,18,18,Yes,No,NA,
Maeda,10,2,1961,Pygmy,70,F,Yes,-48,45,Mature,14,14,No,Yes,NA,
Maeda,11,2,1961,Pygmy,73,M,No,-48,46,Unknown,48,48,No,Yes,NA,
Maeda,11,2,1961,Pygmy,73,F,Yes,-48,46,Mature,17,17,No,Yes,NA,
Maeda,11,2,1961,Pygmy,72,F,No,-48,46,Unknown,34,34,No,Yes,NA,
Maeda,11,2,1961,Pygmy,71,M,No,-48,46,Unknown,40,40,No,Yes,NA,
Maeda,11,2,1961,Pygmy,70,M,No,-48,46,Unknown,42,42,No,Yes,NA,
Maeda,11,2,1961,Pygmy,74,F,No,-48,46,Unknown,27,27,No,Yes,NA,
Maeda,11,2,1961,Pygmy,70,M,No,-48,46,Unknown,38,38,No,Yes,NA,
Maeda,11,2,1961,Pygmy,70,M,No,-48,46,Unknown,13,13,No,Yes,NA,
Maeda,12,2,1961,Pygmy,74,F,Yes,-48,46,Mature,38,38,No,Yes,NA,
Maeda,12,2,1961,Pygmy,70,M,No,-48,46,Unknown,45,45,No,Yes,NA,
Maeda,12,2,1961,Pygmy,70,M,No,-48,46,Unknown,52,52,No,Yes,NA,
Maeda,12,2,1961,Pygmy,70,M,No,-48,46,Unknown,29,29,Yes,No,NA,
Maeda,12,2,1961,Pygmy,70,M,No,-48,46,Unknown,51,51,No,Yes,NA,
Maeda,12,2,1961,Pygmy,69,M,No,-48,46,Unknown,5,5,No,Yes,NA,
Maeda,12,2,1961,Pygmy,69,M,No,-48,46,Unknown,36,36,No,Yes,NA,
Maeda,12,2,1961,Pygmy,70,M,No,-48,46,Unknown,34,34,No,Yes,NA,
Maeda,12,2,1961,Pygmy,72,M,No,-48,46,Unknown,43,43,No,Yes,NA,
Maeda,12,2,1961,Pygmy,71,F,No,-48,46,Unknown,15,15,No,Yes,NA,
Maeda,12,2,1961,Pygmy,70,M,No,-48,46,Unknown,23,23,No,Yes,NA,
Maeda,12,2,1961,Pygmy,73,F,No,-48,46,Unknown,18,18,No,Yes,NA,
Maeda,12,2,1961,Pygmy,70,M,No,-48,46,Unknown,33,33,No,Yes,NA,
Maeda,12,2,1961,Pygmy,72,M,No,-48,46,Unknown,73,73,No,Yes,NA,
Maeda,12,2,1961,Pygmy,71,M,No,-48,46,Unknown,29,29,No,Yes,NA,
Maeda,12,2,1961,Pygmy,70,M,No,-48,46,Unknown,44,44,No,Yes,NA,
Maeda,12,2,1961,Pygmy,70,M,No,-48,46,Unknown,37,37,No,Yes,NA,
Maeda,13,2,1961,Pygmy,73,F,Yes,-47,48,Mature,28,28,No,Yes,NA,
Maeda,14,2,1961,Pygmy,71,F,No,-47,53,Unknown,17,17,No,Yes,NA,
Maeda,14,2,1961,Pygmy,71,M,No,-47,53,Unknown,41,41,No,Yes,NA,
Maeda,14,2,1961,Pygmy,70,F,Yes,-47,53,Mature,43,43,No,Yes,NA,
Maeda,14,2,1961,Pygmy,70,M,No,-47,53,Unknown,36,36,No,Yes,NA,
Maeda,14,2,1961,Pygmy,72,F,Yes,-47,53,Mature,32,32,No,Yes,NA,
Maeda,14,2,1961,Pygmy,71,F,Yes,-47,53,Mature,13,13,No,Yes,NA,
Maeda,14,2,1961,Pygmy,70,M,No,-47,53,Unknown,20,20,No,Yes,NA,
Maeda,14,2,1961,Pygmy,70,M,No,-47,53,Unknown,34,34,No,Yes,NA,
Maeda,14,2,1961,Pygmy,70,M,No,-47,53,Unknown,29,29,No,Yes,NA,
Maeda,14,2,1961,Pygmy,70,F,Yes,-47,53,Mature,27,27,No,Yes,NA,
Maeda,14,2,1961,Pygmy,70,M,No,-47,53,Unknown,34,34,No,Yes,NA,
Maeda,14,2,1961,Pygmy,73,F,No,-47,53,Unknown,32,32,No,Yes,NA,
Maeda,15,2,1961,Pygmy,71,M,No,-48,54,Unknown,62,62,No,Yes,NA,
Maeda,15,2,1961,Pygmy,73,F,Yes,-48,54,Mature,12,12,No,Yes,NA,
Maeda,15,2,1961,Pygmy,74,F,No,-48,54,Unknown,54,54,No,Yes,NA,
Maeda,17,2,1961,Pygmy,72,M,No,-47,48,Unknown,40,40,No,Yes,NA,
Maeda,17,2,1961,Pygmy,70,M,No,-47,48,Unknown,18,18,No,Yes,NA,
Maeda,17,2,1961,Pygmy,70,M,No,-47,48,Unknown,21,21,No,Yes,NA,
Maeda,18,2,1961,Pygmy,72,F,No,-48,46,Unknown,31,31,No,Yes,NA,
Maeda,20,2,1961,Pygmy,74,F,Yes,-47,39,Mature,43,43,No,Yes,NA,
Maeda,20,2,1961,Pygmy,73,F,No,-47,39,Unknown,52,52,No,Yes,NA,
Maeda,20,2,1961,Pygmy,71,M,No,-47,39,Unknown,20,20,No,Yes,NA,
Maeda,20,2,1961,Pygmy,73,F,Yes,-47,39,Mature,43,43,No,Yes,NA,
Maeda,20,2,1961,Pygmy,71,M,No,-47,39,Unknown,34,34,No,Yes,NA,
Maeda,20,2,1961,Pygmy,71,F,No,-47,39,Unknown,18,18,No,Yes,NA,
Maeda,20,2,1961,Pygmy,70,M,No,-47,39,Unknown,47,47,No,Yes,NA,
Maeda,21,2,1961,Pygmy,70,F,Yes,-47,39,Mature,28,28,No,Yes,NA,
Maeda,21,2,1961,Pygmy,70,M,No,-47,39,Unknown,29,29,No,Yes,NA,
Maeda,21,2,1961,Pygmy,71,M,No,-47,39,Unknown,16,16,No,Yes,NA,
Maeda,21,2,1961,Pygmy,71,M,No,-47,39,Unknown,45,45,No,Yes,NA,
Maeda,21,2,1961,Pygmy,70,M,No,-47,39,Unknown,37,37,No,Yes,NA,
Maeda,21,2,1961,Pygmy,73,F,Yes,-47,39,Mature,44,44,No,Yes,NA,
Maeda,21,2,1961,Pygmy,73,F,No,-47,39,Unknown,41,41,No,Yes,NA,
Maeda,21,2,1961,Pygmy,70,M,No,-47,39,Unknown,72,72,No,Yes,NA,
Maeda,22,2,1961,Pygmy,70,F,No,-46,39,Unknown,33,33,No,Yes,NA,
Maeda,22,2,1961,Pygmy,70,M,No,-46,39,Unknown,35,35,No,Yes,NA,
Maeda,23,2,1961,Pygmy,70,M,No,-44,38,Unknown,14,14,No,Yes,NA,
Maeda,24,2,1961,Pygmy,69,M,No,-43,37,Unknown,38,38,No,Yes,NA,
Maeda,24,2,1961,Pygmy,70,M,No,-43,37,Unknown,16,16,No,Yes,NA,
Maeda,24,2,1961,Pygmy,70,F,No,-43,37,Unknown,11,11,No,Yes,NA,
Maeda,24,2,1961,Pygmy,70,M,No,-43,37,Unknown,39,39,No,Yes,NA,
Maeda,24,2,1961,Pygmy,71,F,No,-43,37,Unknown,10,10,No,Yes,NA,
Maeda,24,2,1961,Pygmy,70,F,Yes,-43,37,Mature,48,48,No,Yes,NA,
Maeda,24,2,1961,Pygmy,70,M,No,-43,37,Unknown,14,14,No,Yes,NA,
Maeda,24,2,1961,Pygmy,70,F,No,-43,37,Unknown,36,36,No,Yes,NA,
Maeda,24,2,1961,Pygmy,70,F,No,-43,37,Unknown,27,27,No,Yes,NA,
Maeda,24,2,1961,Pygmy,70,F,Yes,-43,37,Mature,32,32,No,Yes,NA,
Maeda,24,2,1961,Pygmy,71,M,No,-43,37,Unknown,39,39,No,Yes,NA,
Maeda,24,2,1961,Pygmy,70,M,No,-43,37,Unknown,30,30,No,Yes,NA,
Maeda,24,2,1961,Pygmy,70,M,No,-43,37,Unknown,19,19,No,Yes,NA,
Maeda,24,2,1961,Pygmy,70,M,No,-43,37,Unknown,42,42,No,Yes,NA,
Maeda,24,2,1961,Pygmy,69,F,No,-43,37,Unknown,7,7,No,Yes,NA,
Maeda,24,2,1961,Pygmy,74,M,No,-43,37,Unknown,46,46,No,Yes,NA,
Maeda,25,2,1961,Pygmy,70,M,No,-42,37,Unknown,48,48,No,Yes,NA,
Maeda,25,2,1961,Pygmy,74,F,No,-42,37,Unknown,21,21,No,Yes,NA,
Maeda,25,2,1961,Pygmy,70,M,No,-42,37,Unknown,38,38,No,Yes,NA,
Maeda,25,2,1961,Pygmy,70,M,No,-42,37,Unknown,37,37,No,Yes,NA,
Maeda,25,2,1961,Pygmy,70,M,No,-42,37,Unknown,31,31,No,Yes,NA,
Maeda,25,2,1961,Pygmy,70,M,No,-42,37,Unknown,27,27,No,Yes,NA,
Maeda,25,2,1961,Pygmy,71,M,No,-42,37,Unknown,21,21,No,Yes,NA,
Maeda,25,2,1961,Pygmy,71,M,No,-42,37,Unknown,8,8,No,Yes,NA,
Maeda,25,2,1961,Pygmy,70,M,No,-42,37,Unknown,45,45,No,Yes,NA,
Maeda,25,2,1961,Pygmy,71,F,No,-42,37,Unknown,29,29,No,Yes,NA,
Maeda,25,2,1961,Pygmy,71,M,No,-42,37,Unknown,39,39,No,Yes,NA,
Maeda,25,2,1961,Pygmy,72,F,No,-42,37,Unknown,23,23,No,Yes,NA,
Maeda,28,2,1961,Pygmy,72,F,No,-43,42,Unknown,24,24,No,Yes,NA,
Maeda,28,2,1961,Pygmy,72,F,Yes,-43,42,Mature,24,24,No,Yes,NA,
Maeda,1,3,1961,Pygmy,73,F,No,-43,46,Unknown,17,17,No,Yes,NA,
Maeda,1,3,1961,Pygmy,70,F,No,-43,46,Unknown,21,21,No,Yes,NA,
Maeda,1,3,1961,Pygmy,70,M,No,-43,46,Unknown,21,21,No,Yes,NA,
Maeda,1,3,1961,Pygmy,72,F,No,-43,46,Unknown,38,38,No,Yes,NA,
Maeda,2,3,1961,Pygmy,73,F,No,-44,49,Unknown,16,16,No,Yes,NA,
Maeda,5,3,1961,Pygmy,70,M,No,-46,66,Unknown,40,40,No,Yes,NA,
Maeda,5,3,1961,Pygmy,73,M,No,-46,66,Unknown,22,22,No,Yes,NA,
Maeda,6,3,1961,Pygmy,72,M,No,-48,70,Unknown,41,41,No,Yes,NA,
Maeda,6,3,1961,Pygmy,72,M,No,-48,70,Unknown,52,52,No,Yes,NA,
Maeda,6,3,1961,Pygmy,70,M,No,-48,70,Unknown,35,35,No,Yes,NA,
Maeda,6,3,1961,Pygmy,70,F,No,-48,70,Unknown,6,6,Yes,No,NA,
Maeda,6,3,1961,Pygmy,70,M,No,-48,70,Unknown,33,33,No,Yes,NA,
Maeda,6,3,1961,Pygmy,71,M,No,-48,70,Unknown,31,31,No,Yes,NA,
Maeda,6,3,1961,Pygmy,71,M,No,-48,70,Unknown,29,29,No,Yes,NA,
Maeda,6,3,1961,Pygmy,71,M,No,-48,70,Unknown,31,31,No,Yes,NA,
Maeda,6,3,1961,Pygmy,71,M,No,-48,70,Unknown,55,55,No,Yes,NA,
Maeda,6,3,1961,Pygmy,71,F,No,-48,70,Unknown,19,19,No,Yes,NA,
Maeda,6,3,1961,Pygmy,71,M,No,-48,70,Unknown,48,48,No,Yes,NA,
Maeda,6,3,1961,Pygmy,71,M,No,-48,70,Unknown,34,34,No,Yes,NA,
Maeda,8,3,1961,Pygmy,72,F,No,-48,71,Unknown,27,27,No,Yes,NA,
Maeda,9,3,1961,Pygmy,71,M,No,-49,71,Unknown,33,33,No,Yes,NA,
Maeda,10,3,1961,Pygmy,72,F,No,-48,70,Unknown,63,63,No,Yes,NA,
Maeda,10,3,1961,Pygmy,71,F,No,-48,70,Unknown,14,14,No,Yes,NA,
Maeda,10,3,1961,Pygmy,70,M,No,-48,70,Unknown,30,30,Yes,No,NA,
Maeda,10,3,1961,Pygmy,70,M,No,-48,70,Unknown,13,13,No,Yes,NA,
Maeda,10,3,1961,Pygmy,71,F,No,-48,70,Unknown,36,36,No,Yes,NA,
Maeda,10,3,1961,Pygmy,71,M,No,-48,70,Unknown,26,26,No,Yes,NA,
Maeda,10,3,1961,Pygmy,70,F,Yes,-48,70,Mature,34,34,No,Yes,NA,
Maeda,10,3,1961,Pygmy,73,F,No,-48,70,Unknown,15,15,No,Yes,NA,
Maeda,10,3,1961,Pygmy,71,M,No,-48,70,Unknown,53,53,No,Yes,NA,
Maeda,10,3,1961,Pygmy,71,M,No,-48,70,Unknown,15,15,No,Yes,NA,
Maeda,11,3,1961,Pygmy,72,F,No,-47,69,Unknown,21,21,No,Yes,NA,
Maeda,11,3,1961,Pygmy,72,F,No,-47,69,Unknown,19,19,No,Yes,NA,
Maeda,11,3,1961,Pygmy,74,F,No,-47,69,Unknown,58,58,No,Yes,NA,
Maeda,11,3,1961,Pygmy,71,M,No,-47,69,Unknown,20,20,No,Yes,NA,
Maeda,11,3,1961,Pygmy,70,F,No,-47,69,Unknown,21,21,No,Yes,NA,
Maeda,11,3,1961,Pygmy,71,F,No,-47,69,Unknown,19,19,No,Yes,NA,
Maeda,11,3,1961,Pygmy,72,M,No,-47,69,Unknown,16,16,No,Yes,NA,
Maeda,11,3,1961,Pygmy,73,F,Yes,-47,69,Mature,16,16,No,Yes,NA,
Maeda,12,3,1961,Pygmy,72,M,No,-47,70,Unknown,27,27,No,Yes,NA,
Maeda,13,3,1961,Pygmy,70,F,No,-47,70,Unknown,16,16,No,Yes,NA,
Maeda,13,3,1961,Pygmy,73,F,No,-47,70,Unknown,35,35,No,Yes,NA,
Maeda,14,3,1961,Pygmy,70,M,No,-47,70,Unknown,33,33,No,Yes,NA,
Maeda,14,3,1961,Pygmy,72,F,No,-47,70,Unknown,18,18,No,Yes,NA,
Maeda,14,3,1961,Pygmy,70,F,No,-47,70,Unknown,9,9,No,Yes,NA,
Maeda,14,3,1961,Pygmy,70,F,No,-47,70,Unknown,21,21,Yes,No,NA,
Maeda,14,3,1961,Pygmy,71,F,No,-47,70,Unknown,20,20,No,Yes,NA,
Maeda,14,3,1961,Pygmy,71,F,Yes,-47,70,Mature,8,8,Yes,No,NA,
Maeda,14,3,1961,Pygmy,70,F,No,-47,70,Unknown,21,21,No,Yes,NA,
Maeda,14,3,1961,Pygmy,70,M,No,-47,70,Unknown,28,28,No,Yes,NA,
Maeda,14,3,1961,Pygmy,73,F,No,-47,70,Unknown,17,17,No,Yes,NA,
Maeda,14,3,1961,Pygmy,71,M,No,-47,70,Unknown,16,16,No,Yes,NA,
Maeda,14,3,1961,Pygmy,74,F,Yes,-47,70,Mature,32,32,Yes,No,NA,
Maeda,14,3,1961,Pygmy,70,M,No,-47,70,Unknown,24,24,No,Yes,NA,
Maeda,14,3,1961,Pygmy,70,M,No,-47,70,Unknown,23,23,No,Yes,NA,
Maeda,14,3,1961,Pygmy,72,M,No,-47,70,Unknown,43,43,No,Yes,NA,
Maeda,14,3,1961,Pygmy,70,F,No,-47,70,Unknown,27,27,No,Yes,NA,
Maeda,14,3,1961,Pygmy,71,M,No,-47,70,Unknown,22,22,No,Yes,NA,
Maeda,14,3,1961,Pygmy,71,M,No,-47,70,Unknown,15,15,No,Yes,NA,
Maeda,14,3,1961,Pygmy,71,F,No,-47,70,Unknown,27,27,No,Yes,NA,
Maeda,14,3,1961,Pygmy,73,M,No,-47,70,Unknown,42,42,No,Yes,NA,
Maeda,15,3,1961,Pygmy,70,M,No,-47,70,Unknown,34,34,No,Yes,NA,
Maeda,15,3,1961,Pygmy,73,F,No,-47,70,Unknown,47,47,No,Yes,NA,
Maeda,15,3,1961,Pygmy,70,M,No,-47,70,Unknown,36,36,No,Yes,NA,
Maeda,15,3,1961,Pygmy,76,M,No,-47,70,Unknown,25,25,No,Yes,NA,
Maeda,1,2,1961,Pygmy,74,F,Yes,-47,37,Mature,35,35,No,Yes,NA,
Maeda,1,2,1961,Pygmy,71,F,No,-47,37,Unknown,18,18,No,Yes,NA,
Maeda,2,2,1961,Pygmy,70,F,No,-47,41,Unknown,6,6,No,Yes,NA,
Maeda,2,2,1961,Pygmy,70,M,No,-47,41,Unknown,33,33,No,Yes,NA,
Maeda,2,2,1961,Pygmy,75,M,No,-47,41,Unknown,24,24,No,Yes,NA,
Maeda,2,2,1961,Pygmy,70,F,No,-47,41,Unknown,9,9,No,Yes,NA,
Maeda,2,2,1961,Pygmy,70,M,No,-47,41,Unknown,10,10,No,Yes,NA,
Maeda,2,2,1961,Pygmy,71,F,No,-47,41,Unknown,12,12,No,Yes,NA,
Maeda,2,2,1961,Pygmy,70,F,Yes,-47,41,Mature,15,15,No,Yes,NA,
Maeda,2,2,1961,Pygmy,71,M,No,-47,41,Unknown,19,19,No,Yes,NA,
Maeda,2,2,1961,Pygmy,68,F,No,-47,41,Unknown,21,21,No,Yes,NA,
Maeda,3,2,1961,Pygmy,72,F,Yes,-47,39,Mature,28,28,No,Yes,NA,
Maeda,3,2,1961,Pygmy,73,F,Yes,-47,39,Mature,7,7,No,Yes,NA,
Maeda,3,2,1961,Pygmy,72,M,No,-47,39,Unknown,21,21,No,Yes,NA,
Maeda,3,2,1961,Pygmy,74,M,No,-47,39,Unknown,23,23,Yes,No,NA,
Maeda,4,2,1961,Pygmy,70,M,No,-47,42,Unknown,2,2,No,Yes,NA,
Maeda,4,2,1961,Pygmy,70,M,No,-47,42,Unknown,7,7,No,Yes,NA,
Maeda,4,2,1961,Pygmy,75,F,No,-47,42,Unknown,43,43,No,Yes,NA,
Maeda,4,2,1961,Pygmy,72,M,No,-47,42,Unknown,6,6,Yes,No,NA,
Maeda,7,2,1961,Pygmy,73,M,No,-46,46,Unknown,30,30,No,Yes,NA,
Maeda,7,2,1961,Pygmy,72,M,No,-46,46,Unknown,30,30,No,Yes,NA,
Maeda,7,2,1961,Pygmy,72,M,No,-46,46,Unknown,42,42,No,Yes,NA,
Maeda,8,2,1961,Pygmy,71,F,No,-47,45,Unknown,26,26,No,Yes,NA,
Maeda,8,2,1961,Pygmy,72,M,No,-47,45,Unknown,68,68,No,Yes,NA,
Maeda,8,2,1961,Pygmy,70,M,No,-47,45,Unknown,22,22,No,Yes,NA,
Maeda,9,2,1961,Pygmy,74,F,Yes,-47,43,Mature,14,14,No,Yes,NA,
Maeda,9,2,1961,Pygmy,71,M,No,-47,43,Unknown,34,34,No,Yes,NA,
Maeda,9,2,1961,Pygmy,70,M,No,-47,43,Unknown,20,20,No,Yes,NA,
Maeda,9,2,1961,Pygmy,70,M,No,-47,43,Unknown,56,56,No,Yes,NA,
Maeda,9,2,1961,Pygmy,72,M,No,-47,43,Unknown,10,10,No,Yes,NA,
Maeda,10,2,1961,Pygmy,70,M,No,-47,42,Unknown,36,36,No,Yes,NA,
Maeda,10,2,1961,Pygmy,72,M,No,-47,42,Unknown,42,42,No,Yes,NA,
Maeda,10,2,1961,Pygmy,71,M,No,-47,42,Unknown,23,23,No,Yes,NA,
Maeda,10,2,1961,Pygmy,72,M,No,-47,42,Unknown,5,5,No,Yes,NA,
Maeda,10,2,1961,Pygmy,73,F,Yes,-47,42,Mature,18,18,No,Yes,NA,
Maeda,10,2,1961,Pygmy,71,F,Yes,-47,42,Mature,22,22,No,Yes,NA,
Maeda,10,2,1961,Pygmy,71,F,No,-47,42,Unknown,23,23,No,Yes,NA,
Maeda,10,2,1961,Pygmy,76,F,Yes,-47,42,Mature,38,38,No,Yes,NA,
Maeda,10,2,1961,Pygmy,70,M,No,-47,42,Unknown,50,50,No,Yes,NA,
Maeda,11,2,1961,Pygmy,64,F,No,-47,43,Unknown,5,5,No,Yes,NA,
Maeda,11,2,1961,Pygmy,71,M,No,-47,43,Unknown,46,46,No,Yes,NA,
Maeda,11,2,1961,Pygmy,76,F,No,-47,43,Unknown,36,36,No,Yes,NA,
Maeda,2,2,1961,Pygmy,73,M,No,-47,39,Unknown,46,46,No,Yes,NA,
Maeda,2,2,1961,Pygmy,70,M,No,-47,39,Unknown,10,10,No,Yes,NA,
Maeda,3,2,1961,Pygmy,74,F,No,-46,40,Unknown,22,22,No,Yes,NA,
Maeda,3,2,1961,Pygmy,72,M,No,-46,40,Unknown,36,36,No,Yes,NA,
Maeda,4,2,1961,Pygmy,74,F,Yes,-47,42,Mature,27,27,Yes,No,NA,
Maeda,4,2,1961,Pygmy,72,F,Yes,-47,42,Mature,12,12,No,Yes,NA,
Maeda,7,2,1961,Pygmy,71,F,Yes,-47,40,Mature,22,22,No,Yes,NA,
Maeda,7,2,1961,Pygmy,72,M,No,-47,40,Unknown,27,27,No,Yes,NA,
Maeda,8,2,1961,Pygmy,73,F,Yes,-46,39,Mature,13,13,No,Yes,NA,
Maeda,8,2,1961,Pygmy,71,F,No,-46,39,Unknown,20,20,No,Yes,NA,
Maeda,22,2,1961,Pygmy,74,F,Yes,-47,41,Mature,71,71,No,Yes,NA,
Maeda,22,2,1961,Pygmy,70,F,No,-47,41,Unknown,29,29,No,Yes,NA,
Maeda,2,3,1962,Pygmy,67,F,No,-51,79,Unknown,4,4,Yes,No,NA,
Maeda,2,3,1962,Pygmy,72,M,No,-51,79,Unknown,13,13,Yes,No,NA,
Maeda,7,3,1962,Pygmy,78,F,No,-52,61,Unknown,33,33,No,Yes,NA,
Maeda,28,3,1962,Pygmy,73,F,No,-50,69,Unknown,11,11,Yes,No,NA,
Maeda,28,3,1962,Pygmy,70,F,No,-50,69,Unknown,16,16,No,Yes,NA,
Maeda,28,3,1962,Pygmy,75,M,No,-50,69,Unknown,22,22,No,Yes,NA,
Maeda,28,3,1962,Pygmy,71,F,No,-50,69,Unknown,26,26,No,Yes,NA,
Maeda,29,3,1962,Pygmy,71,M,No,-48,71,Unknown,6,6,No,Yes,NA,
Maeda,29,3,1962,Pygmy,72,F,No,-48,71,Unknown,24,24,No,Yes,NA,
Maeda,29,3,1962,Pygmy,72,F,No,-48,71,Unknown,28,28,No,Yes,NA,
Maeda,28,3,1962,Pygmy,71,F,No,-47,34,Unknown,18,18,Yes,No,NA,
Maeda,28,3,1962,Pygmy,70,M,No,-47,34,Unknown,29,29,No,Yes,NA,
Maeda,28,3,1962,Pygmy,73,F,No,-47,34,Unknown,33,33,No,Yes,NA,
Maeda,28,3,1962,Pygmy,71,F,No,-47,34,Unknown,27,27,No,Yes,NA,
Maeda,2,2,1962,Pygmy,70,M,No,-47,35,Unknown,21,21,No,Yes,NA,
Maeda,2,2,1962,Pygmy,72,F,No,-47,35,Unknown,41,41,No,Yes,NA,
Maeda,2,2,1962,Pygmy,72,F,No,-47,35,Unknown,56?,56,No,No,NA,
Maeda,3,2,1962,Pygmy,72,F,No,-47,36,Unknown,24,24,No,Yes,NA,
Maeda,3,2,1962,Pygmy,71,F,No,-47,36,Unknown,27,27,No,Yes,NA,
Maeda,3,2,1962,Pygmy,73,F,Yes,-47,36,Mature,32,32,No,Yes,NA,
Maeda,3,2,1962,Pygmy,71,M,No,-47,36,Unknown,18,18,No,Yes,NA,
Maeda,28,3,1962,Pygmy,71,F,No,-49,46,Unknown,9,9,Yes,No,NA,
Maeda,28,3,1962,Pygmy,70,M,No,-49,46,Unknown,16,16,No,Yes,NA,
Maeda,28,3,1962,Pygmy,70,M,No,-49,46,Unknown,15,15,No,Yes,NA,
Maeda,28,3,1962,Pygmy,71,F,No,-49,46,Unknown,13,13,No,Yes,NA,
Maeda,28,3,1962,Pygmy,70,F,No,-49,46,Unknown,19,19,No,Yes,NA,
Maeda,28,3,1962,Pygmy,70,M,No,-49,46,Unknown,25,25,No,Yes,NA,
Maeda,28,3,1962,Pygmy,71,M,No,-49,46,Unknown,22,22,No,Yes,NA,
Maeda,28,3,1962,Pygmy,71,M,No,-49,46,Unknown,33,33,No,Yes,NA,
Maeda,28,3,1962,Pygmy,70,M,No,-49,46,Unknown,10,10,No,Yes,NA,
Maeda,28,3,1962,Pygmy,71,M,No,-49,46,Unknown,11,11,No,Yes,NA,
Maeda,28,3,1962,Pygmy,72,M,No,-49,46,Unknown,11,11,No,Yes,NA,
Maeda,28,3,1962,Pygmy,71,F,No,-49,46,Unknown,15,15,No,Yes,NA,
Maeda,28,3,1962,Pygmy,70,F,Yes,-49,46,Mature,17,17,Yes,No,NA,
Maeda,28,3,1962,Pygmy,70,M,No,-49,46,Unknown,17,17,No,Yes,NA,
Maeda,28,3,1962,Pygmy,71,M,No,-49,46,Unknown,16,16,No,Yes,NA,
Maeda,28,3,1962,Pygmy,71,M,No,-49,46,Unknown,41,41,Yes,No,NA,
Maeda,28,3,1962,Pygmy,70,F,No,-49,46,Unknown,8,8,No,Yes,NA,
Maeda,28,3,1962,Pygmy,70,M,No,-49,46,Unknown,22,22,No,Yes,NA,
Maeda,28,3,1962,Pygmy,70,F,No,-49,46,Unknown,23,23,No,Yes,NA,
Maeda,28,3,1962,Pygmy,71,F,No,-49,46,Unknown,9,9,No,Yes,NA,
Maeda,28,3,1962,Pygmy,70,M,No,-49,46,Unknown,53,53,No,Yes,NA,
Maeda,29,3,1962,Pygmy,71,M,No,-48,46,Unknown,17,17,Yes,No,NA,
Maeda,29,3,1962,Pygmy,71,M,No,-48,46,Unknown,18,18,No,Yes,NA,
Maeda,29,3,1962,Pygmy,70,F,No,-48,46,Unknown,16,16,No,Yes,NA,
Maeda,29,3,1962,Pygmy,71,M,No,-48,46,Unknown,23,23,No,Yes,NA,
Maeda,29,3,1962,Pygmy,70,M,No,-48,46,Unknown,11,11,No,Yes,NA,
Maeda,29,3,1962,Pygmy,59,M,No,-48,46,Immature,7,7,No,Yes,NA,
Maeda,29,3,1962,Pygmy,73,F,No,-48,46,Unknown,14,14,No,Yes,NA,
Maeda,29,3,1962,Pygmy,73,M,No,-48,46,Unknown,29,29,No,Yes,NA,
Maeda,29,3,1962,Pygmy,70,F,No,-48,46,Unknown,11,11,No,Yes,NA,
Maeda,29,3,1962,Pygmy,71,M,No,-48,46,Unknown,14,14,No,Yes,NA,
Maeda,1,2,1962,Pygmy,79,F,No,-46,47,Unknown,29,29,No,Yes,NA,
Maeda,1,2,1962,Pygmy,74,F,No,-46,47,Unknown,14,14,No,Yes,NA,
Maeda,1,2,1962,Pygmy,70,F,No,-46,47,Unknown,21,21,No,Yes,NA,
Maeda,1,2,1962,Pygmy,70,M,No,-46,47,Unknown,26,26,No,Yes,NA,
Maeda,1,2,1962,Pygmy,74,F,Yes,-46,47,Mature,26,26,No,Yes,NA,
Maeda,1,2,1962,Pygmy,70,M,No,-46,47,Unknown,34,34,No,Yes,NA,
Maeda,1,2,1962,Pygmy,72,M,No,-46,47,Unknown,18,18,No,Yes,NA,
Maeda,1,2,1962,Pygmy,73,M,No,-46,47,Unknown,16,16,No,Yes,NA,
Maeda,1,2,1962,Pygmy,70,M,No,-46,47,Unknown,25,25,No,Yes,NA,
Maeda,1,2,1962,Pygmy,72,M,No,-46,47,Unknown,13,13,No,Yes,NA,
Maeda,1,2,1962,Pygmy,71,F,No,-46,47,Unknown,21,21,No,Yes,NA,
Maeda,1,2,1962,Pygmy,72,F,No,-46,47,Unknown,24,24,No,Yes,NA,
Maeda,1,2,1962,Pygmy,77,F,No,-46,47,Unknown,28,28,No,Yes,NA,
Maeda,1,2,1962,Pygmy,70,M,No,-46,47,Unknown,26,26,No,Yes,NA,
Maeda,1,2,1962,Pygmy,70,F,Yes,-46,47,Mature,16,16,No,Yes,NA,
Maeda,2,2,1962,Pygmy,74,F,No,-47,46,Unknown,34,34,No,Yes,NA,
Maeda,3,2,1962,Pygmy,74,F,No,-46,46,Unknown,24,24,No,Yes,NA,
Maeda,3,2,1962,Pygmy,72,M,No,-46,46,Unknown,20,20,No,Yes,NA,
Maeda,5,2,1962,Pygmy,75,F,Yes,-48,49,Mature,35,35,No,Yes,NA,
Maeda,6,2,1962,Pygmy,73,F,No,-48,45,Unknown,14,14,No,Yes,NA,
Maeda,7,2,1962,Pygmy,66,M,No,-47,42,Unknown,40,40,No,Yes,NA,
Maeda,8,2,1962,Pygmy,70,F,No,-46,39,Unknown,23,23,No,Yes,NA,
Maeda,8,2,1962,Pygmy,70,M,No,-46,39,Unknown,26,26,No,Yes,NA,
Maeda,8,2,1962,Pygmy,71,M,No,-46,39,Unknown,8,8,No,Yes,NA,
Maeda,9,2,1962,Pygmy,65,M,No,-46,38,Unknown,20,20,No,Yes,NA,
Maeda,9,2,1962,Pygmy,70,M,No,-46,38,Unknown,35,35,No,Yes,NA,
Maeda,9,2,1962,Pygmy,76,F,No,-46,38,Unknown,60,60,No,Yes,NA,
Maeda,9,2,1962,Pygmy,59,M,No,-46,38,Immature,14,14,No,Yes,NA,
Maeda,9,2,1962,Pygmy,71,M,No,-46,38,Unknown,29,29,No,Yes,NA,
Maeda,10,2,1962,Pygmy,70,M,No,-45,37,Unknown,40,40,No,Yes,NA,
Maeda,10,2,1962,Pygmy,71,F,No,-45,37,Unknown,36,36,No,Yes,NA,
Maeda,11,2,1962,Pygmy,70,F,No,-46,37,Unknown,22,22,No,Yes,NA,
Maeda,11,2,1962,Pygmy,71,M,No,-46,37,Unknown,29,29,No,Yes,NA,
Maeda,11,2,1962,Pygmy,72,F,Yes,-46,37,Mature,26,26,No,Yes,NA,
Maeda,11,2,1962,Pygmy,72,M,No,-46,37,Unknown,28,28,No,Yes,NA,
Maeda,1,4,1962,Pygmy,72,F,No,-51,69,Unknown,26,26,No,Yes,NA,
Maeda,1,4,1962,Pygmy,70,M,No,-51,69,Unknown,15,15,No,Yes,NA,
Maeda,1,4,1962,Pygmy,70,M,No,-51,69,Unknown,12,12,Yes,No,NA,
Maeda,1,4,1962,Pygmy,72,F,No,-51,69,Unknown,18,18,No,Yes,NA,
Maeda,1,4,1962,Pygmy,71,F,No,-51,69,Unknown,28,28,No,Yes,NA,
Maeda,1,4,1962,Pygmy,70,M,No,-51,69,Unknown,66,66,No,Yes,NA,
Maeda,1,4,1962,Pygmy,71,M,No,-51,69,Unknown,16,16,No,Yes,NA,
Maeda,2,4,1962,Pygmy,70,F,No,-48,71,Unknown,50,50,No,Yes,NA,
Maeda,2,4,1962,Pygmy,70,F,No,-48,71,Unknown,31,31,Yes,No,NA,
Maeda,2,4,1962,Pygmy,70,F,No,-48,71,Unknown,34,34,No,Yes,NA,
Maeda,2,4,1962,Pygmy,70,M,No,-48,71,Unknown,"35,34",35,No,No,NA,
Maeda,3,4,1962,Pygmy,70,M,No,-47,71,Unknown,14,14,No,Yes,NA,
Maeda,3,4,1962,Pygmy,70,M,No,-47,71,Unknown,4,4,No,Yes,NA,
Maeda,4,4,1962,Pygmy,70,F,No,-47,70,Unknown,8,8,No,Yes,NA,
Maeda,7,4,1962,Pygmy,71,F,Yes,-41,76,Mature,25,25,No,Yes,NA,
Maeda,7,4,1962,Pygmy,71,F,Yes,-41,76,Mature,35,35,No,Yes,NA,
Maeda,21,2,1962,Pygmy,70,F,Yes,-51,27,Mature,19,19,No,Yes,NA,
Maeda,23,2,1962,Pygmy,70,M,No,-48,33,Unknown,26,26,No,Yes,NA,
Maeda,23,2,1962,Pygmy,71,F,Yes,-48,33,Mature,29,29,No,Yes,NA,
Maeda,23,2,1962,Pygmy,70,M,No,-48,33,Unknown,33,33,No,Yes,NA,
Maeda,24,2,1962,Pygmy,71,M,No,-47,37,Unknown,10,10,No,Yes,NA,
Maeda,24,2,1962,Pygmy,72,F,No,-47,37,Unknown,11,11,No,Yes,NA,
Maeda,24,2,1962,Pygmy,73,F,Yes,-47,37,Mature,53,53,No,Yes,NA,
Maeda,24,2,1962,Pygmy,72,M,No,-47,37,Unknown,49,49,No,Yes,NA,
Maeda,24,2,1962,Pygmy,74,F,No,-47,37,Unknown,28,28,No,Yes,NA,
Maeda,24,2,1962,Pygmy,71,M,No,-47,37,Unknown,31,31,No,Yes,NA,
Maeda,24,2,1962,Pygmy,70,M,No,-47,37,Unknown,31,31,No,Yes,NA,
Maeda,24,2,1962,Pygmy,70,M,No,-47,37,Unknown,10,10,No,Yes,NA,
Maeda,24,2,1962,Pygmy,72,M,No,-47,37,Unknown,37,37,No,Yes,NA,
Maeda,24,2,1962,Pygmy,72,M,No,-47,37,Unknown,37,37,No,Yes,NA,
Maeda,24,2,1962,Pygmy,71,M,No,-47,37,Unknown,18,18,No,Yes,NA,
Maeda,24,2,1962,Pygmy,71,M,No,-47,37,Unknown,41,41,No,Yes,NA,
Maeda,24,2,1962,Pygmy,70,F,No,-47,37,Unknown,15,15,No,Yes,NA,
Maeda,25,2,1962,Pygmy,70,F,No,-46,39,Unknown,16,16,No,Yes,NA,
Maeda,26,2,1962,Pygmy,71,F,No,-47,41,Unknown,8,8,No,Yes,NA,
Maeda,26,2,1962,Pygmy,71,M,No,-47,41,Unknown,18,18,No,Yes,NA,
Maeda,26,2,1962,Pygmy,73,F,No,-47,41,Unknown,12,12,No,Yes,NA,
Maeda,26,2,1962,Pygmy,70,M,No,-47,41,Unknown,17,17,No,Yes,NA,
Maeda,26,2,1962,Pygmy,72,F,No,-47,41,Unknown,34,34,No,Yes,NA,
Maeda,26,2,1962,Pygmy,73,F,Yes,-47,41,Mature,22,22,No,Yes,NA,
Maeda,26,2,1962,Pygmy,71,M,No,-47,41,Unknown,20,20,No,Yes,NA,
Maeda,26,2,1962,Pygmy,71,M,No,-47,41,Unknown,34,34,No,Yes,NA,
Maeda,26,2,1962,Pygmy,72,F,No,-47,41,Unknown,56,56,No,Yes,NA,
Maeda,26,2,1962,Pygmy,70,M,No,-47,41,Unknown,36,36,No,Yes,NA,
Maeda,27,2,1962,Pygmy,70,M,No,-47,43,Unknown,20,20,No,Yes,NA,
Maeda,28,2,1962,Pygmy,71,M,No,-47,41,Unknown,29,29,No,Yes,NA,
Maeda,28,2,1962,Pygmy,72,M,No,-47,41,Unknown,27,27,No,Yes,NA,
Maeda,28,2,1962,Pygmy,72,F,No,-47,41,Unknown,24,24,No,Yes,NA,
Maeda,28,2,1962,Pygmy,71,M,No,-47,41,Unknown,18,18,No,Yes,NA,
Maeda,28,2,1962,Pygmy,72,F,No,-47,41,Unknown,19,19,No,Yes,NA,
Maeda,28,2,1962,Pygmy,71,M,No,-47,41,Unknown,46,46,No,Yes,NA,
Maeda,28,2,1962,Pygmy,67,M,No,-47,41,Unknown,43,43,No,Yes,NA,
Maeda,28,2,1962,Pygmy,72,M,No,-47,41,Unknown,19,19,No,Yes,NA,
Maeda,28,2,1962,Pygmy,71,M,No,-47,41,Unknown,15,15,No,Yes,NA,
Maeda,28,2,1962,Pygmy,70,F,Yes,-47,41,Mature,16,16,No,Yes,NA,
Maeda,28,2,1962,Pygmy,74,F,No,-47,41,Unknown,52,52,No,Yes,NA,
Maeda,28,2,1962,Pygmy,70,M,No,-47,41,Unknown,23,23,No,Yes,NA,
Maeda,1,3,1962,Pygmy,70,M,No,-47,39,Unknown,38,38,No,Yes,NA,
Maeda,27,3,1962,Pygmy,71,F,No,-51,2,Unknown,23,23,No,Yes,NA,
Maeda,2,4,1962,Pygmy,72,F,No,-47,35,Unknown,32,32,No,Yes,NA,
Maeda,2,4,1962,Pygmy,72,M,No,-47,35,Unknown,10,10,No,Yes,NA,
Maeda,2,4,1962,Pygmy,70,F,Yes,-47,35,Mature,36,36,No,Yes,NA,
Maeda,2,4,1962,Pygmy,72,M,No,-47,35,Unknown,33,33,No,Yes,NA,
Maeda,2,4,1962,Pygmy,70,F,No,-47,35,Unknown,7,7,No,Yes,NA,
Maeda,5,2,1963,Pygmy,72,M,No,-49,43,Unknown,27,27,No,Yes,NA,
Maeda,6,2,1963,Pygmy,70,M,No,-49,38,Unknown,13,13,Yes,No,NA,
Maeda,12,2,1963,Pygmy,72,F,No,-50,34,Unknown,20,20,No,Yes,NA,
Maeda,14,2,1963,Pygmy,71,M,No,-48,33,Unknown,32,32,No,Yes,NA,
Maeda,14,2,1963,Pygmy,72,M,No,-48,33,Unknown,14,14,No,Yes,NA,
Maeda,17,2,1963,Pygmy,71,F,No,-51,35,Unknown,13,13,No,Yes,NA,
Maeda,21,2,1963,Pygmy,70,M,No,-49,33,Unknown,25,25,No,Yes,NA,
Maeda,25,2,1963,Pygmy,73,F,Yes,-49,36,Mature,25,25,No,Yes,NA,
Maeda,26,2,1963,Pygmy,72,F,No,-48,36,Unknown,24,24,Yes,No,NA,
Maeda,27,2,1963,Pygmy,70,F,Yes,-49,36,Mature,21,21,No,Yes,NA,
Maeda,14,3,1963,Pygmy,70,F,No,-48,30,Unknown,10,10,No,Yes,NA,
Maeda,14,3,1963,Pygmy,72,F,Yes,-48,30,Mature,12,12,No,Yes,NA,
Maeda,23,3,1963,Pygmy,70,F,No,-52,38,Unknown,22,22,No,Yes,NA,
Maeda,27,3,1963,Pygmy,70,F,No,-46,50,Unknown,19,19,No,Yes,NA,
Maeda,27,3,1963,Pygmy,72,F,No,-46,50,Unknown,23,23,No,Yes,NA,
Maeda,27,3,1963,Pygmy,71,F,No,-46,50,Unknown,25,25,No,Yes,NA,
Maeda,27,3,1963,Pygmy,71,F,No,-46,50,Unknown,35,35,No,Yes,NA,
Maeda,27,3,1963,Pygmy,70,M,No,-46,50,Unknown,33,33,No,Yes,NA,
Maeda,27,3,1963,Pygmy,70,M,No,-46,50,Unknown,48,48,No,Yes,NA,
Maeda,11,3,1963,Pygmy,70,F,Yes,-46,28,Mature,29,29,No,Yes,NA,
Maeda,11,3,1963,Pygmy,70,F,Yes,-46,28,Mature,15,15,No,Yes,NA,
Maeda,11,3,1963,Pygmy,70,F,No,-46,28,Unknown,9,9,Yes,No,NA,
Maeda,11,3,1963,Pygmy,77,F,No,-46,28,Unknown,47,47,No,Yes,NA,
Maeda,11,3,1963,Pygmy,71,M,No,-46,28,Unknown,35,35,No,Yes,NA,
Maeda,11,3,1963,Pygmy,70,F,No,-46,28,Unknown,37,37,No,Yes,NA,
Maeda,11,3,1963,Pygmy,71,F,No,-46,28,Unknown,27,27,No,Yes,NA,
Maeda,12,3,1963,Pygmy,73,F,No,-46,27,Unknown,22,22,No,Yes,NA,
Maeda,12,3,1963,Pygmy,71,M,No,-46,27,Unknown,21,21,No,Yes,NA,
Maeda,13,3,1963,Pygmy,71,F,No,-46,29,Unknown,26,26,No,Yes,NA,
Maeda,13,3,1963,Pygmy,71,F,No,-46,29,Unknown,65,65,No,Yes,NA,
Maeda,13,3,1963,Pygmy,70,M,No,-46,29,Unknown,44,44,Yes,No,NA,
Maeda,13,3,1963,Pygmy,77,F,No,-46,29,Unknown,30,30,No,Yes,NA,
Maeda,13,3,1963,Pygmy,71,M,No,-46,29,Unknown,26,26,No,Yes,NA,
Maeda,13,3,1963,Pygmy,70,M,No,-46,29,Unknown,23,23,No,Yes,NA,
Maeda,13,3,1963,Pygmy,72,F,No,-46,29,Unknown,35,35,No,Yes,NA,
Maeda,13,3,1963,Pygmy,70,F,No,-46,29,Unknown,16,16,No,Yes,NA,
Maeda,13,3,1963,Pygmy,72,F,No,-46,29,Unknown,37,37,No,Yes,NA,
Maeda,16,3,1963,Pygmy,72,F,Yes,-47,37,Mature,46,46,No,Yes,NA,
Maeda,17,3,1963,Pygmy,70,F,No,-49,37,Unknown,43,43,Yes,No,NA,
Maeda,18,3,1963,Pygmy,70,M,No,-52,40,Unknown,27,27,No,Yes,NA,
Maeda,18,3,1963,Pygmy,71,M,No,-52,40,Unknown,65,65,No,Yes,NA,
Maeda,22,3,1963,Pygmy,71,F,No,-53,38,Unknown,16,16,No,Yes,NA,
Maeda,23,3,1963,Pygmy,73,M,No,-52,37,Unknown,24,24,No,Yes,NA,
Maeda,27,3,1963,Pygmy,70,M,No,-45,49,Unknown,22,22,No,Yes,NA,
Maeda,27,3,1963,Pygmy,71,M,No,-45,49,Unknown,38,38,No,Yes,NA,
Maeda,27,3,1963,Pygmy,70,M,No,-45,49,Unknown,11,11,No,Yes,NA,
Maeda,27,3,1963,Pygmy,72,M,No,-45,49,Unknown,21,21,No,Yes,NA,
Maeda,27,3,1963,Pygmy,71,F,No,-45,49,Unknown,28,28,No,Yes,NA,
Maeda,27,3,1963,Pygmy,67,F,No,-45,49,Unknown,8,8,No,Yes,NA,
Maeda,27,3,1963,Pygmy,71,F,No,-45,49,Unknown,52,52,No,Yes,NA,
Maeda,27,3,1963,Pygmy,70,F,No,-45,49,Unknown,4,4,No,Yes,NA,
Maeda,28,3,1963,Pygmy,70,M,No,-44,50,Unknown,16,16,No,Yes,NA,
Maeda,28,3,1963,Pygmy,70,F,No,-44,50,Unknown,38,38,No,Yes,NA,
Maeda,28,3,1963,Pygmy,70,M,No,-44,50,Unknown,33,33,No,Yes,NA,
Maeda,28,3,1963,Pygmy,70,F,No,-44,50,Unknown,22,22,No,Yes,NA,
Maeda,28,3,1963,Pygmy,70,F,No,-44,50,Unknown,23,23,No,Yes,NA,
Maeda,28,3,1963,Pygmy,70,F,No,-44,50,Unknown,21,21,No,Yes,NA,
Maeda,28,3,1963,Pygmy,70,F,No,-44,50,Unknown,11,11,No,Yes,NA,
Maeda,28,3,1963,Pygmy,70,M,No,-44,50,Unknown,26,26,No,Yes,NA,
Maeda,28,3,1963,Pygmy,71,F,No,-44,50,Unknown,6,6,Yes,No,NA,
Maeda,28,3,1963,Pygmy,71,F,No,-44,50,Unknown,16,16,No,Yes,NA,
Maeda,28,3,1963,Pygmy,72,M,No,-44,50,Unknown,32,32,No,Yes,NA,
Maeda,29,3,1963,Pygmy,72,F,No,-44,51,Unknown,20,20,No,Yes,NA,
Maeda,29,3,1963,Pygmy,70,F,No,-44,51,Unknown,3,3,No,Yes,NA,
Maeda,1,4,1963,Pygmy,70,M,No,-47,68,Unknown,39,39,No,Yes,NA,
Maeda,1,4,1963,Pygmy,70,M,No,-47,68,Unknown,26,26,Yes,No,NA,
Maeda,1,4,1963,Pygmy,71,F,No,-47,68,Unknown,18,18,No,Yes,NA,
Maeda,1,4,1963,Pygmy,70,M,No,-47,68,Unknown,10,10,No,Yes,NA,
Maeda,1,4,1963,Pygmy,70,F,No,-47,68,Unknown,15,15,No,Yes,NA,
Maeda,1,4,1963,Pygmy,70,F,No,-47,68,Unknown,12,12,No,Yes,NA,
Maeda,1,4,1963,Pygmy,71,M,No,-47,68,Unknown,40,40,No,Yes,NA,
Maeda,1,4,1963,Pygmy,70,F,No,-47,68,Unknown,15,15,No,Yes,NA,
Maeda,1,4,1963,Pygmy,72,F,No,-47,68,Unknown,25,25,No,Yes,NA,
Maeda,15,3,1963,Pygmy,70,M,No,-49,36,Unknown,39,39,No,Yes,NA,
Maeda,15,3,1963,Pygmy,74,F,No,-49,36,Unknown,37,37,No,Yes,NA,
Maeda,15,3,1963,Pygmy,70,M,No,-49,36,Unknown,25,25,No,Yes,NA,
Maeda,15,3,1963,Pygmy,71,F,Yes,-49,36,Mature,25,25,No,Yes,NA,
Maeda,15,3,1963,Pygmy,72,F,Yes,-49,36,Mature,19,19,No,Yes,NA,
Maeda,15,3,1963,Pygmy,70,M,No,-49,36,Unknown,36,36,No,Yes,NA,
Maeda,15,3,1963,Pygmy,71,F,No,-49,36,Unknown,30,30,No,Yes,NA,
Maeda,15,3,1963,Pygmy,70,F,No,-49,36,Unknown,25,25,No,Yes,NA,
Maeda,15,3,1963,Pygmy,72,F,Yes,-49,36,Mature,25,25,No,Yes,NA,
Maeda,15,3,1963,Pygmy,70,F,No,-49,36,Unknown,14,14,No,Yes,NA,
Maeda,15,3,1963,Pygmy,72,M,No,-49,36,Unknown,60,60,No,Yes,NA,
Maeda,16,3,1963,Pygmy,70,M,No,-51,37,Unknown,20,20,Yes,No,NA,
Maeda,16,3,1963,Pygmy,75,F,No,-51,37,Unknown,27,27,Yes,No,NA,
Maeda,16,3,1963,Pygmy,71,F,No,-51,37,Unknown,21,21,No,Yes,NA,
Maeda,16,3,1963,Pygmy,70,F,No,-51,37,Unknown,23,23,No,Yes,NA,
Maeda,16,3,1963,Pygmy,70,M,No,-51,37,Unknown,21,21,No,Yes,NA,
Maeda,16,3,1963,Pygmy,70,M,No,-51,37,Unknown,32,32,No,Yes,NA,
Maeda,16,3,1963,Pygmy,70,M,No,-51,37,Unknown,25,25,No,Yes,NA,
Maeda,16,3,1963,Pygmy,73,F,No,-51,37,Unknown,30,30,No,Yes,NA,
Maeda,16,3,1963,Pygmy,72,F,No,-51,37,Unknown,45,45,No,Yes,NA,
Maeda,16,3,1963,Pygmy,70,F,No,-51,37,Unknown,53,53,Yes,No,NA,
Maeda,16,3,1963,Pygmy,70,M,No,-51,37,Unknown,32,32,No,Yes,NA,
Maeda,16,3,1963,Pygmy,72,M,No,-51,37,Unknown,38,38,No,Yes,NA,
Maeda,16,3,1963,Pygmy,70,F,Yes,-51,37,Mature,20,20,No,Yes,NA,
Maeda,16,3,1963,Pygmy,71,F,No,-51,37,Unknown,18,18,No,Yes,NA,
Maeda,17,3,1963,Pygmy,70,F,No,-52,36,Unknown,23,23,Yes,No,NA,
Maeda,17,3,1963,Pygmy,70,M,No,-52,36,Unknown,36,36,No,Yes,NA,
Maeda,17,3,1963,Pygmy,71,M,No,-52,36,Unknown,52,52,Yes,No,NA,
Maeda,17,3,1963,Pygmy,72,F,No,-52,36,Unknown,36,36,No,Yes,NA,
Maeda,17,3,1963,Pygmy,70,M,No,-52,36,Unknown,32,32,No,Yes,NA,
Maeda,17,3,1963,Pygmy,71,F,No,-52,36,Unknown,20,20,No,Yes,NA,
Maeda,18,3,1963,Pygmy,71,F,No,-52,37,Unknown,44,44,No,Yes,NA,
Maeda,18,3,1963,Pygmy,70,M,No,-52,37,Unknown,28,28,No,Yes,NA,
Maeda,22,3,1963,Pygmy,70,M,No,-46,29,Unknown,21,21,No,Yes,NA,
Maeda,27,3,1963,Pygmy,70,F,No,-44,49,Unknown,21,21,No,Yes,NA,
Maeda,27,3,1963,Pygmy,74,F,No,-44,49,Unknown,12,12,No,Yes,NA,
Maeda,27,3,1963,Pygmy,73,F,Yes,-44,49,Mature,27,27,No,Yes,NA,
Maeda,27,3,1963,Pygmy,71,F,No,-44,49,Unknown,26,26,No,Yes,NA,
Maeda,28,3,1963,Pygmy,70,M,No,-44,50,Unknown,15,15,No,Yes,NA,
Maeda,28,3,1963,Pygmy,71,M,No,-44,50,Unknown,19,19,No,Yes,NA,
Maeda,28,3,1963,Pygmy,73,F,No,-44,50,Unknown,25,25,No,Yes,NA,
Maeda,28,3,1963,Pygmy,70,F,No,-44,50,Unknown,12,12,No,Yes,NA,
Maeda,28,3,1963,Pygmy,70,F,No,-44,50,Unknown,18,18,No,Yes,NA,
Maeda,28,3,1963,Pygmy,70,F,No,-44,50,Unknown,9,9,No,Yes,NA,
Maeda,28,3,1963,Pygmy,71,M,No,-44,50,Unknown,12,12,No,Yes,NA,
Maeda,28,3,1963,Pygmy,71,M,No,-44,50,Unknown,36,36,No,Yes,NA,
Maeda,28,3,1963,Pygmy,71,M,No,-44,50,Unknown,38,38,No,Yes,NA,
Maeda,28,3,1963,Pygmy,70,F,No,-44,50,Unknown,15,15,No,Yes,NA,
Maeda,29,3,1963,Pygmy,70,F,No,-43,50,Unknown,34,34,No,Yes,NA,
Maeda,29,3,1963,Pygmy,70,M,No,-43,50,Unknown,8,8,No,Yes,NA,
Maeda,29,3,1963,Pygmy,70,M,No,-43,50,Unknown,35,35,Yes,No,NA,
Maeda,29,3,1963,Pygmy,70,F,No,-43,50,Unknown,11,11,No,Yes,NA,
Maeda,29,3,1963,Pygmy,70,F,No,-43,50,Unknown,8,8,Yes,No,NA,
Maeda,29,3,1963,Pygmy,70,M,No,-43,50,Unknown,39,39,No,Yes,NA,
Maeda,29,3,1963,Pygmy,71,M,No,-43,50,Unknown,12,12,No,Yes,NA,
Maeda,30,3,1963,Pygmy,70,F,No,-43,50,Unknown,9,9,No,Yes,NA,
Maeda,30,3,1963,Pygmy,71,M,No,-43,50,Unknown,22,22,No,Yes,NA,
Maeda,30,3,1963,Pygmy,70,M,No,-43,50,Unknown,35,35,No,Yes,NA,
Maeda,30,3,1963,Pygmy,72,F,Yes,-43,50,Mature,21,21,No,Yes,NA,
Maeda,1,4,1963,Pygmy,71,M,No,-43,50,Unknown,30,30,No,Yes,NA,
Maeda,1,4,1963,Pygmy,70,M,No,-43,50,Unknown,10,10,No,Yes,NA,
Maeda,1,4,1963,Pygmy,71,M,No,-43,50,Unknown,19,19,No,Yes,NA,
Maeda,1,4,1963,Pygmy,70,F,No,-43,50,Unknown,45,45,No,Yes,NA,
Maeda,1,4,1963,Pygmy,70,M,No,-43,50,Unknown,20,20,No,Yes,NA,
Maeda,1,4,1963,Pygmy,70,M,No,-43,50,Unknown,32,32,No,Yes,NA,
Maeda,1,4,1963,Pygmy,70,F,No,-43,50,Unknown,11,11,No,Yes,NA,
Maeda,20,3,1963,Pygmy,74,F,No,-49,28,Unknown,5,5,No,Yes,NA,
Maeda,26,3,1963,Pygmy,70,M,No,-47,46,Unknown,19,19,No,Yes,NA,
Maeda,7,3,1963,Pygmy,67,M,No,-49,35,Unknown,12,12,No,Yes,NA,
Maeda,8,3,1963,Pygmy,70,M,No,-50,37,Unknown,38,38,No,Yes,NA,
Maeda,8,3,1963,Pygmy,72,F,Yes,-50,37,Mature,24,24,No,Yes,NA,
Maeda,8,3,1963,Pygmy,70,F,No,-50,37,Unknown,12,12,No,Yes,NA,
Maeda,8,3,1963,Pygmy,71,F,No,-50,37,Unknown,29,29,No,Yes,NA,
Maeda,11,3,1963,Pygmy,70,M,No,-49,36,Unknown,29,29,No,Yes,NA,
Maeda,11,3,1963,Pygmy,70,F,No,-49,36,Unknown,28,28,No,Yes,NA,
Maeda,12,3,1963,Pygmy,70,M,No,-49,36,Unknown,72,72,No,Yes,NA,
Maeda,14,3,1963,Pygmy,70,M,No,-49,36,Unknown,10,10,Yes,No,NA,
Maeda,14,3,1963,Pygmy,72,F,No,-49,36,Unknown,30,30,No,Yes,NA,
Maeda,19,3,1963,Pygmy,70,F,No,-52,38,Unknown,14,14,No,Yes,NA,
Maeda,26,3,1963,Pygmy,70,F,No,-49,36,Unknown,13,13,No,Yes,NA,
Maeda,4,4,1963,Pygmy,70,M,No,-43,50,Unknown,24,24,No,Yes,NA,
Maeda,4,4,1963,Pygmy,71,F,No,-43,50,Unknown,33,33,No,Yes,NA,
Maeda,5,4,1963,Pygmy,71,F,No,-44,50,Unknown,25,25,No,Yes,NA,
Maeda,6,4,1963,Pygmy,74,F,No,-43,50,Unknown,29,29,No,Yes,NA,
Maeda,1,2,1963,Pygmy,70,M,No,-50,34,Unknown,24,24,Yes,No,NA,
Maeda,1,2,1963,Pygmy,70,M,No,-50,34,Unknown,18,18,No,Yes,NA,
Maeda,1,2,1963,Pygmy,74,F,No,-50,34,Unknown,14,14,Yes,No,NA,
Maeda,1,2,1963,Pygmy,71,F,No,-50,34,Unknown,29,29,No,Yes,NA,
Maeda,1,2,1963,Pygmy,73,M,No,-50,34,Unknown,13,13,Yes,No,NA,
Maeda,1,2,1963,Pygmy,70,F,Yes,-50,34,Mature,27,27,No,Yes,NA,
Maeda,1,2,1963,Pygmy,70,M,No,-50,34,Unknown,42,42,No,Yes,NA,
Maeda,1,2,1963,Pygmy,70,M,No,-50,34,Unknown,31,31,Yes,No,NA,
Maeda,1,2,1963,Pygmy,70,F,No,-50,34,Unknown,32,32,No,Yes,NA,
Maeda,1,2,1963,Pygmy,70,F,No,-50,34,Unknown,13,13,No,Yes,NA,
Maeda,1,2,1963,Pygmy,70,M,No,-50,34,Unknown,17,17,No,Yes,NA,
Maeda,1,2,1963,Pygmy,70,M,No,-50,34,Unknown,44,44,Yes,No,NA,
Maeda,2,2,1963,Pygmy,78,F,No,-48,36,Unknown,27,27,No,Yes,NA,
Maeda,2,2,1963,Pygmy,73,M,No,-48,36,Unknown,16,16,Yes,No,NA,
Maeda,2,2,1963,Pygmy,76,F,No,-48,36,Unknown,20,20,No,Yes,NA,
Maeda,2,2,1963,Pygmy,75,M,No,-48,36,Unknown,37,37,No,Yes,NA,
Maeda,2,2,1963,Pygmy,70,F,No,-48,36,Unknown,14,14,No,Yes,NA,
Maeda,2,2,1963,Pygmy,70,M,No,-48,36,Unknown,18,18,No,Yes,NA,
Maeda,2,2,1963,Pygmy,73,M,No,-48,36,Unknown,46,46,No,Yes,NA,
Maeda,2,2,1963,Pygmy,73,M,No,-48,36,Unknown,57,57,No,Yes,NA,
Maeda,2,2,1963,Pygmy,76,M,No,-48,36,Unknown,9,9,No,Yes,NA,
Maeda,3,2,1963,Pygmy,70,M,No,-50,36,Unknown,19,19,No,Yes,NA,
Maeda,3,2,1963,Pygmy,67,M,No,-50,36,Unknown,25,25,No,Yes,NA,
Maeda,4,2,1963,Pygmy,75,F,No,-51,36,Unknown,36,36,No,Yes,NA,
Maeda,4,2,1963,Pygmy,70,F,No,-51,36,Unknown,20,20,No,Yes,NA,
Maeda,4,2,1963,Pygmy,70,M,No,-51,36,Unknown,28,28,No,Yes,NA,
Maeda,8,2,1963,Pygmy,73,F,No,-50,34,Unknown,24,24,No,Yes,NA,
Maeda,8,2,1963,Pygmy,75,F,Yes,-50,34,Mature,20,20,No,Yes,NA,
Maeda,27,3,1963,Pygmy,70,M,No,-46,44,Unknown,12,12,No,Yes,NA,
Maeda,29,3,1963,Pygmy,70,M,No,-43,49,Unknown,30,30,No,Yes,NA,
Maeda,29,3,1963,Pygmy,71,M,No,-43,49,Unknown,20,20,No,Yes,NA,
Maeda,29,3,1963,Pygmy,70,M,No,-43,49,Unknown,20,20,No,Yes,NA,
Maeda,30,3,1963,Pygmy,70,M,No,-43,50,Unknown,14,14,No,Yes,NA,
Maeda,30,3,1963,Pygmy,75,F,No,-43,50,Unknown,15,15,No,Yes,NA,
Maeda,30,3,1963,Pygmy,70,F,No,-43,50,Unknown,37,37,No,Yes,NA,
Maeda,30,3,1963,Pygmy,70,M,No,-43,50,Unknown,5,5,Yes,No,NA,
Maeda,4,4,1963,Pygmy,70,M,No,-47,69,Unknown,12,12,No,Yes,NA,
Maeda,4,4,1963,Pygmy,74,F,No,-47,69,Unknown,25,25,Yes,No,NA,
Maeda,4,4,1963,Pygmy,70,F,No,-47,69,Unknown,15,15,No,Yes,NA,
Maeda,4,4,1963,Pygmy,70,F,No,-47,69,Unknown,28,28,No,Yes,NA,
Maeda,4,4,1963,Pygmy,70,M,No,-47,69,Unknown,16,16,No,Yes,NA,
Maeda,4,4,1963,Pygmy,70,F,No,-47,69,Unknown,25,25,Yes,No,NA,
Maeda,4,4,1963,Pygmy,70,F,No,-47,69,Unknown,23,23,No,Yes,NA,
Maeda,4,4,1963,Pygmy,70,F,No,-47,69,Unknown,23,23,No,Yes,NA,
Maeda,29,2,1964,Pygmy,70,F,No,-53,32,Mature,13,13,No,Yes,NA,
Maeda,2,3,1964,Pygmy,70,M,No,-53,25,Unknown,23,23,No,Yes,NA,
Maeda,29,2,1964,Pygmy,70,F,No,-52,20,Mature,6,6,No,Yes,NA,
Maeda,3,4,1964,Pygmy,73,M,No,-45,35,Unknown,9,9,No,Yes,NA,
Maeda,4,4,1964,Pygmy,72,M,No,-45,37,Unknown,11,11,No,Yes,NA,
Maeda,4,4,1964,Pygmy,71,F,No,-45,37,Mature,29,29,No,Yes,NA,
Maeda,4,4,1964,Pygmy,72,F,No,-45,37,Mature,49,49,No,Yes,NA,
Maeda,4,4,1964,Pygmy,72,M,No,-45,37,Unknown,68,68,No,Yes,NA,
Maeda,4,4,1964,Pygmy,74,F,Yes,-45,37,Mature,24,24,No,Yes,NA,
Maeda,4,4,1964,Pygmy,72,M,No,-45,37,Unknown,67,67,No,Yes,NA,
Maeda,4,4,1964,Pygmy,77,M,No,-45,37,Unknown,24,24,No,Yes,NA,
Maeda,4,4,1964,Pygmy,72,F,No,-45,37,Mature,17,17,No,Yes,NA,
Maeda,4,4,1964,Pygmy,70,M,No,-45,37,Unknown,12,12,No,Yes,NA,
Maeda,4,4,1964,Pygmy,70,M,No,-45,37,Unknown,14,14,No,Yes,NA,
Maeda,4,4,1964,Pygmy,71,F,No,-45,37,Mature,15,15,No,Yes,NA,
Maeda,4,4,1964,Pygmy,71,M,No,-45,37,Unknown,11,11,No,Yes,NA,
Maeda,4,4,1964,Pygmy,70,M,No,-45,37,Unknown,6,6,Yes,No,NA,
Maeda,4,4,1964,Pygmy,72,M,No,-45,37,Unknown,68,68,No,Yes,NA,
Maeda,4,4,1964,Pygmy,72,M,No,-45,37,Unknown,32,32,No,Yes,NA,
Maeda,4,4,1964,Pygmy,72,M,No,-45,37,Unknown,24,24,No,Yes,NA,
Maeda,4,4,1964,Pygmy,70,M,No,-45,37,Unknown,32,32,No,Yes,NA,
Maeda,1,2,1957,Antarctic,76,F,No,-66,-122,Unknown,7,7,No,Yes,NA,
Maeda,3,2,1957,Antarctic,71,F,No,-67,-132,Unknown,5,5,No,Yes,NA,
Maeda,9,2,1957,Antarctic,82,F,Yes,-65,-154,Mature,47,47,No,Yes,NA,
Maeda,16,2,1957,Antarctic,75,F,No,-66,-148,Unknown,7,7,No,Yes,NA,
Maeda,16,2,1958,Antarctic,89,F,Yes,-70,-156,Mature,84,84,No,Yes,NA,
Maeda,2,2,1959,Antarctic,76,M,No,-64,111,Unknown,35,35,No,Yes,NA,
Maeda,4,2,1959,Antarctic,76,F,No,-64,115,Unknown,4,4,No,Yes,NA,
Maeda,6,2,1959,Antarctic,83,F,No,-63,122,Unknown,32,32,No,Yes,NA,
Maeda,7,2,1959,Antarctic,87,F,Yes,-64,127,Mature,28,28,No,Yes,NA,
Maeda,7,2,1959,Antarctic,74,M,No,-64,127,Unknown,3,3,No,Yes,NA,
Maeda,12,2,1959,Antarctic,74,M,No,-64,122,Unknown,5,5,No,Yes,NA,
Maeda,13,2,1959,Antarctic,80,M,No,-64,123,Unknown,62,62,No,Yes,NA,
Maeda,13,2,1959,Antarctic,78,F,No,-64,123,Unknown,7,7,No,Yes,NA,
Maeda,15,2,1959,Antarctic,72,F,No,-64,119,Unknown,5,5,No,Yes,NA,
Maeda,15,2,1959,Antarctic,74,M,No,-64,119,Unknown,12,12,No,Yes,NA,
Maeda,15,2,1959,Antarctic,87,F,No,-64,119,Unknown,29,29,No,Yes,NA,
Maeda,16,2,1959,Antarctic,88,F,No,-64,114,Unknown,35,35,No,Yes,NA,
Maeda,27,2,1959,Antarctic,86,F,No,-64,145,Mature,21,21,No,Yes,NA,
Maeda,28,2,1959,Antarctic,83,F,Yes,-64,150,Mature,17,17,No,Yes,NA,
Maeda,7,3,1959,Antarctic,89,F,No,-71,-152,Mature,31,31,No,Yes,NA,
Maeda,11,3,1959,Antarctic,70,F,No,-71,-155,Unknown,10,10,No,Yes,NA,
Maeda,11,3,1959,Antarctic,70,M,No,-71,-155,Unknown,3,3,No,Yes,NA,
Maeda,11,3,1959,Antarctic,81,F,No,-71,-155,Mature,11,11,No,Yes,NA,
Maeda,11,3,1959,Antarctic,79,F,No,-71,-155,Unknown,46,46,No,Yes,NA,
Maeda,13,3,1959,Antarctic,75,F,No,-71,-159,Unknown,3,3,No,Yes,NA,
Maeda,13,3,1959,Antarctic,79,M,No,-71,-159,Unknown,28,28,No,Yes,NA,
Maeda,13,3,1959,Antarctic,85,F,Yes,-71,-159,Mature,35,35,No,Yes,NA,
Maeda,13,3,1959,Antarctic,73,M,No,-71,-159,Unknown,5,5,No,Yes,NA,
Maeda,13,3,1959,Antarctic,82,F,Yes,-71,-159,Mature,22,22,No,Yes,NA,
Maeda,13,3,1959,Antarctic,79,M,No,-71,-159,Unknown,17,17,No,Yes,NA,
Maeda,4,2,1959,Antarctic,84,M,No,-63,117,Unknown,42,42,No,Yes,NA,
Maeda,10,2,1959,Antarctic,72,F,No,-65,143,Unknown,5,5,No,Yes,NA,
Maeda,28,2,1959,Antarctic,85,F,No,-71,-157,Unknown,50,50,No,Yes,NA,
Maeda,28,2,1959,Antarctic,75,F,No,-71,-157,Unknown,48,48,No,Yes,NA,
Maeda,9,2,1959,Antarctic,83,M,No,-62,102,Unknown,79,79,No,Yes,NA,
Maeda,14,2,1959,Antarctic,88,F,Yes,-63,127,Mature,24,24,No,Yes,NA,
Maeda,15,2,1959,Antarctic,82,M,No,-61,122,Unknown,45?,45,No,No,NA,
Maeda,13,2,1959,Antarctic,88,F,No,-61,103,Unknown,26,26,No,Yes,NA,
Maeda,24,2,1959,Antarctic,78,F,No,-64,141,Unknown,15,15,No,Yes,NA,
Maeda,10,3,1959,Antarctic,80,M,No,-71,-158,Unknown,41,41,No,Yes,NA,
Maeda,4,2,1960,Antarctic,79,F,No,-57,80,Mature,7,7,No,Yes,NA,
Maeda,5,2,1960,Antarctic,72,F,Yes,-57,83,Mature,45,45,No,Yes,NA,
Maeda,11,2,1960,Antarctic,83,F,No,-56,99,Unknown,24,24,Yes,No,NA,
Maeda,13,2,1960,Antarctic,78,M,No,-57,98,Unknown,12,12,No,Yes,NA,
Maeda,15,2,1960,Antarctic,72,M,No,-58,98,Unknown,4?,4,No,No,NA,
Maeda,18,2,1960,Antarctic,72,M,No,-57,88,Unknown,5,5,No,Yes,NA,
Maeda,18,2,1960,Antarctic,85,F,No,-57,88,Unknown,19,19,No,Yes,NA,
Maeda,19,2,1960,Antarctic,81,M,No,-59,83,Unknown,52,52,No,Yes,NA,
Maeda,19,2,1960,Antarctic,73,F,No,-59,83,Unknown,4,4,No,Yes,NA,
Maeda,19,2,1960,Antarctic,71,F,No,-59,83,Unknown,5,5,No,Yes,NA,
Maeda,19,2,1960,Antarctic,84,F,No,-59,83,Unknown,49,49,No,Yes,NA,
Maeda,19,2,1960,Antarctic,75,M,No,-59,83,Unknown,8,8,No,Yes,NA,
Maeda,19,2,1960,Antarctic,89,F,Yes,-59,83,Mature,11,11,No,Yes,NA,
Maeda,19,2,1960,Antarctic,88,F,No,-59,83,Unknown,27,27,No,Yes,NA,
Maeda,20,2,1960,Antarctic,75,F,No,-62,82,Unknown,7,7,No,Yes,NA,
Maeda,22,2,1960,Antarctic,72,F,No,-62,85,Unknown,6,6,No,Yes,NA,
Maeda,25,2,1960,Antarctic,79,M,No,-57,83,Unknown,8,8,No,Yes,NA,
Maeda,26,2,1960,Antarctic,89,F,No,-56,80,Unknown,23,23,No,Yes,NA,
Maeda,15,3,1960,Antarctic,73,M,No,-57,80,Unknown,7,7,No,Yes,NA,
Maeda,15,3,1960,Antarctic,83,F,No,-57,80,Unknown,35,35,No,Yes,NA,
Maeda,16,3,1960,Antarctic,78,M,No,-58,83,Unknown,23,23,No,Yes,NA,
Maeda,18,3,1960,Antarctic,72,M,No,-58,84,Unknown,14,14,No,Yes,NA,
Maeda,18,3,1960,Antarctic,70,F,No,-58,84,Unknown,4,4,No,Yes,NA,
Maeda,18,3,1960,Antarctic,72,M,No,-58,84,Unknown,52,52,No,Yes,NA,
Maeda,18,3,1960,Antarctic,71,M,No,-58,84,Unknown,5,5,No,Yes,NA,
Maeda,11,2,1960,Antarctic,74,F,No,-68,-168,Unknown,7,7,No,Yes,NA,
Maeda,2,2,1960,Antarctic,70,F,No,-57,79,Unknown,5,5,No,Yes,NA,
Maeda,4,2,1960,Antarctic,72,M,No,-58,74,Unknown,11,11,No,Yes,NA,
Maeda,15,2,1960,Antarctic,70,M,No,-62,72,Unknown,6,6,No,Yes,NA,
Maeda,15,2,1960,Antarctic,82,F,Yes,-62,72,Mature,22,22,No,Yes,NA,
Maeda,15,2,1960,Antarctic,71,M,No,-62,72,Unknown,4,4,No,Yes,NA,
Maeda,15,2,1960,Antarctic,82,M,No,-62,72,Unknown,18,18,No,Yes,NA,
Maeda,15,2,1960,Antarctic,74,F,No,-62,72,Unknown,5,5,No,Yes,NA,
Maeda,16,2,1960,Antarctic,86,F,No,-62,71,Unknown,29,29,No,Yes,NA,
Maeda,16,2,1960,Antarctic,85,F,No,-62,71,Unknown,21,21,No,Yes,NA,
Maeda,17,2,1960,Antarctic,68,M,No,-62,70,Unknown,6,6,No,Yes,NA,
Maeda,23,2,1960,Antarctic,74,M,No,-58,75,Unknown,42,42,No,Yes,NA,
Maeda,26,2,1960,Antarctic,71,F,No,-62,73,Unknown,5,5,No,Yes,NA,
Maeda,29,2,1960,Antarctic,72,F,Yes,-64,60,Mature,26,26,Yes,No,NA,
Maeda,1,2,1960,Antarctic,74,M,No,-57,96,Unknown,31,31,No,Yes,NA,
Maeda,3,2,1960,Antarctic,71,F,No,-57,93,Unknown,4,4,No,Yes,NA,
Maeda,4,2,1960,Antarctic,76,M,No,-57,94,Unknown,57,57,No,Yes,NA,
Maeda,4,2,1960,Antarctic,86,F,No,-57,94,Unknown,28,28,No,Yes,NA,
Maeda,11,2,1960,Antarctic,81,F,Yes,-57,100,Mature,44,44,No,Yes,NA,
Maeda,11,2,1960,Antarctic,84,F,Yes,-57,100,Mature,18,18,No,Yes,NA,
Maeda,18,2,1960,Antarctic,91,F,No,-58,102,Mature,20,20,No,Yes,NA,
Maeda,4,2,1960,Antarctic,76,M,No,-61,163,Unknown,21,21,No,Yes,NA,
Maeda,6,2,1960,Antarctic,69,F,No,-67,-174,Unknown,5,5,No,Yes,NA,
Maeda,21,2,1960,Antarctic,84,F,No,-62,-160,Mature,23,23,No,Yes,NA,
Maeda,4,2,1960,Antarctic,72,F,No,-57,82,Unknown,4,4,No,Yes,NA,
Maeda,4,2,1960,Antarctic,87,F,No,-57,82,Unknown,27,27,No,Yes,NA,
Maeda,9,2,1960,Antarctic,73,F,No,-63,71,Unknown,4,4,No,Yes,NA,
Maeda,10,2,1960,Antarctic,91,F,No,-64,62,Unknown,27,27,No,Yes,NA,
Maeda,12,2,1960,Antarctic,80,F,No,-64,49,Unknown,33,33,No,Yes,NA,
Maeda,13,2,1960,Antarctic,75,F,No,-65,56,Unknown,5,5,No,Yes,NA,
Maeda,21,2,1960,Antarctic,80,M,No,-63,53,Unknown,32,32,Yes,No,NA,
Maeda,21,2,1960,Antarctic,78,M,No,-63,53,Unknown,18,18,No,Yes,NA,
Maeda,11,3,1960,Antarctic,86,F,Yes,-64,62,Mature,15,15,No,Yes,NA,
Maeda,15,3,1960,Antarctic,72,F,No,-63,57,Unknown,53,53,No,Yes,NA,
Maeda,16,3,1960,Antarctic,76,F,Yes,-62,56,Mature,7,7,Yes,No,NA,
Maeda,16,3,1960,Antarctic,73,M,No,-62,56,Unknown,28,28,No,Yes,NA,
Maeda,1,2,1961,Antarctic,88,F,No,-54,80,Mature,43,43,No,Yes,NA,
Maeda,18,2,1961,Antarctic,87,F,Yes,-56,82,Mature,35,35,No,Yes,NA,
Maeda,12,3,1961,Antarctic,84,F,Yes,-56,82,Mature,30,30,No,Yes,NA,
Maeda,1,2,1962,Antarctic,70,M,No,-57,84,Unknown,8,8,No,Yes,NA,
Maeda,2,2,1962,Antarctic,92,F,No,-56,84,Unknown,41,41,Yes,No,NA,
Maeda,2,2,1962,Antarctic,80,M,No,-56,84,Unknown,29,29,No,Yes,NA,
Maeda,2,2,1962,Antarctic,80,M,No,-56,84,Unknown,24,24,No,Yes,NA,
Maeda,2,2,1962,Antarctic,74,M,No,-56,84,Unknown,3,3,Yes,No,NA,
Maeda,6,2,1962,Antarctic,71,M,No,-58,86,Unknown,8,8,No,Yes,NA,
Maeda,8,2,1962,Antarctic,72,M,No,-59,87,Unknown,7,7,No,Yes,NA,
Maeda,11,2,1962,Antarctic,79,F,No,-56,85,Unknown,27,27,No,Yes,NA,
Maeda,15,2,1962,Antarctic,78,M,No,-56,85,Unknown,23,23,No,Yes,NA,
Maeda,15,2,1962,Antarctic,88,F,No,-56,85,Unknown,25,25,No,Yes,NA,
Maeda,10,3,1962,Antarctic,79,M,No,-60,62,Unknown,11,11,No,Yes,NA,
Maeda,10,3,1962,Antarctic,92,F,No,-60,62,Unknown,22,22,Yes,No,NA,
Maeda,12,3,1962,Antarctic,93,F,No,-60,60,Unknown,39,39,No,Yes,NA,
Maeda,22,3,1962,Antarctic,75,F,No,-61,61,Unknown,28,28,No,Yes,NA,
Maeda,4,2,1962,Antarctic,72,M,No,-52,20,Unknown,15,15,Yes,No,NA,
Maeda,4,2,1962,Antarctic,80,M,No,-52,20,Unknown,13,13,Yes,No,NA,
Maeda,16,3,1962,Antarctic,91,F,No,-51,16,Unknown,27,27,No,Yes,NA,
Maeda,1,2,1962,Antarctic,71,F,No,-56,81,Unknown,5,5,No,Yes,NA,
Maeda,5,2,1962,Antarctic,78,M,No,-56,83,Unknown,14,14,Yes,No,NA,
Maeda,5,2,1962,Antarctic,70,M,No,-56,83,Unknown,9,9,No,Yes,NA,
Maeda,15,2,1962,Antarctic,72,F,No,-57,81,Unknown,6,6,No,Yes,NA,
Maeda,16,2,1962,Antarctic,71,F,No,-58,76,Unknown,5,5,No,Yes,NA,
Maeda,17,2,1962,Antarctic,85,F,No,-58,75,Unknown,19,19,Yes,No,NA,
Maeda,18,2,1962,Antarctic,86,F,No,-57,79,Unknown,9,9,Yes,No,NA,
Maeda,27,2,1962,Antarctic,79,M,No,-57,87,Unknown,12,12,No,Yes,NA,
Maeda,10,3,1962,Antarctic,72,F,Yes,-57,84,Mature,12,12,No,Yes,NA,
Maeda,10,3,1962,Antarctic,72,M,No,-57,84,Unknown,53,53,No,Yes,NA,
Maeda,13,2,1962,Antarctic,80,M,No,-52,18,Unknown,8,8,No,Yes,NA,
Maeda,7,3,1962,Antarctic,70,M,No,-62,35,Unknown,2,2,Yes,No,NA,
Maeda,21,3,1962,Antarctic,71,F,No,-65,58,Unknown,29,29,Yes,No,NA,
Maeda,13,2,1962,Antarctic,87,F,No,-51,22,Unknown,36,36,No,Yes,NA,
Maeda,22,3,1963,Antarctic,87,F,No,-54,40,Unknown,47,47,No,Yes,NA,
Maeda,19,2,1963,Antarctic,85,F,No,-49,-10,Unknown,43,43,No,Yes,NA,
Maeda,1,2,1963,Antarctic,92,F,No,-48,-7,Unknown,30,30,No,Yes,NA,
Maeda,17,3,1963,Antarctic,86,F,No,-51,38,Unknown,24,24,Yes,No,NA,
Maeda,14,2,1963,Antarctic,88,F,Yes,-50,24,Mature,16,16,Yes,No,NA,
Maeda,2,3,1963,Antarctic,79,M,No,-51,23,Unknown,37,37,No,Yes,NA,
Maeda,3,2,1964,Antarctic,82,F,No,-53,13,Unknown,18,18,No,Yes,NA,
Maeda,5,3,1964,Antarctic,79,F,No,-53,34,Unknown,10,10,No,Yes,NA,
Maeda,23,7,1962,W N Pacific,76,F,Yes,38.350,144.350,Unknown,37,37,No,Yes,NA,
Maeda,16,6,1964,W N Pacific,81,F,Yes,51.550,-167.133,Unknown,7,7,No,Yes,3,
Maeda,17,6,1964,W N Pacific,77,M,No,51.050,-167.900,Unknown,16,16,No,Yes,NA,
Maeda,17,6,1964,W N Pacific,78,F,Yes,50.417,-167.917,Mature,20,20,Yes,No,6,
Maeda,21,6,1964,W N Pacific,79,F,Yes,51.533,-165.500,Mature,28,28,No,Yes,6,
Maeda,5,7,1964,E N Pacific,71,F,Yes,50.667,-137.067,Mature,22,22,No,Yes,2,
Maeda,15,6,1964,W N Pacific,80,F,No,54.717,-154.400,Unknown,32,32,Yes,No,14,
Maeda,18,6,1964,W N Pacific,77,F,Yes,56.183,-148.183,Mature,13,13,No,Yes,1,
Mizroch,23,9,1959,E N Pacific,82,F,No,37,-124,Mature,26,26,No,Yes,8,
Mizroch,30,9,1959,E N Pacific,74,F,No,37,-124,Mature,46,46,No,Yes,15,
Mizroch,24,9,1959,E N Pacific,65,M,No,37,-124,Unknown,6,6,No,Yes,NA,
Mizroch,29,9,1960,E N Pacific,68,M,No,37,-124,Unknown,14,14,No,Yes,NA,
Mizroch,5,10,1961,E N Pacific,64,M,No,37,-124,Unknown,8,8,No,Yes,NA,
Mizroch,6,6,1962,E N Pacific,66,F,No,37,-124,Immature,8,8,No,Yes,0,
Mizroch,13,9,1962,E N Pacific,67,F,Yes,37,-124,Mature,11,11,No,Yes,1,
Mizroch,26,9,1963,E N Pacific,74,F,Yes,37,-124,Mature,17,17,No,Yes,3,
Mizroch,27,9,1963,E N Pacific,68,F,No,37,-124,Immature,24,24,No,Yes,NA,
Mizroch,6,10,1963,E N Pacific,75,F,No,37,-124,Mature,11,11,No,Yes,1,
Mizroch,6,7,1963,E N Pacific,72,M,No,37,-124,Unknown,28,28,No,Yes,NA,
Mizroch,27,9,1963,E N Pacific,76,M,No,37,-124,Unknown,15,15,No,Yes,NA,
Mizroch,27,9,1963,E N Pacific,68,M,No,37,-124,Unknown,16,16,No,Yes,NA,
Mizroch,25,7,1964,E N Pacific,75,F,Yes,37,-124,Mature,33,33,No,Yes,10,
Mizroch,29,7,1964,E N Pacific,69,F,No,37,-124,Immature,9,9,No,Yes,0,
Mizroch,24,9,1965,E N Pacific,75,F,No,37,-124,Mature,16,16,No,Yes,3,
Mizroch,1,10,1965,E N Pacific,77,F,No,37,-124,Mature,17,17,No,Yes,4,
Mizroch,24,9,1965,E N Pacific,68,M,No,37,-124,Unknown,30,30,No,Yes,NA,
Discovery,17,2,57,Antarctic,75,F,NA,-66.26,-148.11,NA,NA,7,NA,Yes,0,14661
Discovery,2,2,57,Antarctic,76,F,NA,-66.33,-122.42,NA,NA,7,NA,Yes,0,17644
Discovery,27,2,62,Antarctic,79,M,NA,-57.9,87.75,NA,NA,12,NA,Yes,NA,18163
Discovery,13,2,59,Antarctic,78,F,NA,-64.42,123.5,NA,NA,7,NA,Yes,0,20515
Discovery,4,2,60,Antarctic,75,M,NA,-57.33,95.67,NA,NA,11,NA,Yes,NA,22321
Discovery,5,3,64,Antarctic,79,F,NA,-54.58,36.43,NA,NA,10,NA,Yes,0,25605